case_id,metodo,variante,multimodal,et_presente,dice,jaccard,sensibilidad,especificidad,pred_voxeles
BraTS-GLI-02063-106,Otsu,base,False,True,0.007249879168680522,0.003638127577007034,0.41338582677165353,0.9960382385388389,28712
BraTS-GLI-02063-106,Otsu,morf,False,True,0.0,0.0,0.0,0.9994078200437682,4276
BraTS-GLI-02063-106,Otsu,sub,False,True,0.008102757699921736,0.004067859289049138,0.3464566929133858,0.9970392387080728,21467
BraTS-GLI-02063-106,Otsu,sub_morf,False,True,0.0,0.0,0.0,0.9995960269101196,2917
BraTS-GLI-02063-106,RegionGrowing,base,False,True,0.25732899022801303,0.14766355140186915,0.3110236220472441,0.9999610845257949,360
BraTS-GLI-02063-106,RegionGrowing,morf,False,True,0.0,0.0,0.0,0.9999973687045911,19
BraTS-GLI-02063-106,RegionGrowing,sub,False,True,0.3492723492723493,0.21158690176322417,0.33070866141732286,0.9999801960398174,227
BraTS-GLI-02063-106,RegionGrowing,sub_morf,False,True,0.0,0.0,0.0,1.0,0
BraTS-GLI-02063-106,Watershed,base,False,True,0.34415584415584416,0.20784313725490197,0.20866141732283464,0.9999998615107679,54
BraTS-GLI-02063-106,Watershed,morf,False,True,0.1391941391941392,0.07480314960629922,0.07480314960629922,1.0,19
BraTS-GLI-02063-106,Watershed,sub,False,True,0.40625,0.2549019607843137,0.2559055118110236,0.9999998615107679,66
BraTS-GLI-02063-106,Watershed,sub_morf,False,True,0.2112676056338028,0.11811023622047244,0.11811023622047244,1.0,30
BraTS-GLI-02063-106,GMM_multimodal,base,True,True,0.0032510442212688967,0.001628168734912893,0.905511811023622,0.9804717718783211,141239
BraTS-GLI-02063-106,GMM_multimodal,morf,True,True,0.0,0.0,0.0,0.9978633881279829,15428
BraTS-GLI-00529-100,Otsu,base,False,True,0.009103322712790168,0.004572473708276178,0.3193612774451098,0.995223204498395,34651
BraTS-GLI-00529-100,Otsu,morf,False,True,0.0,0.0,0.0,0.9988744595099723,8127
BraTS-GLI-00529-100,Otsu,sub,False,True,0.005315391084945332,0.002664777710315051,0.15768463073852296,0.995963593259277,29224
BraTS-GLI-00529-100,Otsu,sub_morf,False,True,0.0,0.0,0.0,0.9990707054647366,6710
BraTS-GLI-00529-100,RegionGrowing,base,False,True,0.4074074074074074,0.2558139534883721,0.2634730538922156,0.9999979225904577,147
BraTS-GLI-00529-100,RegionGrowing,morf,False,True,0.15412844036697249,0.08349900596421471,0.08383233532934131,0.999999723012061,44
BraTS-GLI-00529-100,RegionGrowing,sub,False,True,0.1824561403508772,0.10038610038610038,0.10379241516966067,0.9999976456025187,69
BraTS-GLI-00529-100,RegionGrowing,sub_morf,False,True,0.05384615384615385,0.02766798418972332,0.027944111776447105,0.9999993075301525,19
BraTS-GLI-00529-100,Watershed,base,False,True,0.15492957746478872,0.08396946564885496,0.08782435129740519,0.9999968146387018,67
BraTS-GLI-00529-100,Watershed,morf,False,True,0.06153846153846154,0.031746031746031744,0.031936127744510975,0.9999995845180916,19
BraTS-GLI-00529-100,Watershed,sub,False,True,0.27899159663865547,0.162109375,0.1656686626746507,0.9999984765663357,94
BraTS-GLI-00529-100,Watershed,sub_morf,False,True,0.07307692307692308,0.03792415169660679,0.03792415169660679,1.0,19
BraTS-GLI-00529-100,GMM_multimodal,base,True,True,6.058822511122267e-05,3.0295030316669623e-05,0.05588822355289421,0.8720671651433946,923771
BraTS-GLI-00529-100,GMM_multimodal,morf,True,True,0.0001494229472555674,7.471705584913132e-05,0.1596806387225549,0.8517830613842666,1070285
BraTS-GLI-02062-100,Otsu,base,False,True,0.022717167225837748,0.01148908332651893,0.2645951035781544,0.9967595433222022,23677
BraTS-GLI-02062-100,Otsu,morf,False,True,0.0,0.0,0.0,0.9992691105364704,5277
BraTS-GLI-02062-100,Otsu,sub,False,True,0.015012414111669266,0.007562976322066438,0.1224105461393597,0.997766334209145,16257
BraTS-GLI-02062-100,Otsu,sub_morf,False,True,0.0,0.0,0.0,0.9996167574103494,2767
BraTS-GLI-02062-100,RegionGrowing,base,False,True,0.2171344165435746,0.12178956089478045,0.1384180790960452,0.9999799168140587,292
BraTS-GLI-02062-100,RegionGrowing,morf,False,True,0.0,0.0,0.0,1.0,0
BraTS-GLI-02062-100,RegionGrowing,sub,False,True,0.17052980132450332,0.09321266968325792,0.09698681732580038,0.9999940442965829,146
BraTS-GLI-02062-100,RegionGrowing,sub_morf,False,True,0.0,0.0,0.0,1.0,0
BraTS-GLI-02062-100,Watershed,base,False,True,0.08812949640287769,0.04609595484477893,0.046139359698681735,0.9999998614952693,50
BraTS-GLI-02062-100,Watershed,morf,False,True,0.03515263644773358,0.017890772128060263,0.017890772128060263,1.0,19
BraTS-GLI-02062-100,Watershed,sub,False,True,0.05474452554744526,0.028142589118198873,0.02824858757062147,0.9999994459810775,34
BraTS-GLI-02062-100,Watershed,sub_morf,False,True,0.03330249768732655,0.016933207902163686,0.01694915254237288,0.9999998614952693,19
BraTS-GLI-02062-100,GMM_multimodal,base,True,True,0.02615476904619076,0.01325066861171894,0.7184557438794726,0.9921717126248447,57283
BraTS-GLI-02062-100,GMM_multimodal,morf,True,True,0.0,0.0,0.0,0.998710243948382,9312
BraTS-GLI-02063-102,Otsu,base,False,True,0.16983087995734977,0.09279518384256862,0.5958021612635079,0.9963853651911942,28951
BraTS-GLI-02063-102,Otsu,morf,False,True,0.0,0.0,0.0,0.9994455545978366,4001
BraTS-GLI-02063-102,Otsu,sub,False,True,0.14289402825421416,0.07694446651306903,0.40253532834580213,0.9971783011050107,22299
BraTS-GLI-02063-102,Otsu,sub_morf,False,True,0.0,0.0,0.0,0.9996202998245619,2740
BraTS-GLI-02063-102,RegionGrowing,base,False,True,0.2831669044222539,0.16493560448691316,0.16500415627597673,0.9999997228465872,796
BraTS-GLI-02063-102,RegionGrowing,morf,False,True,0.2645998558038933,0.152471956792688,0.15253532834580216,0.9999997228465872,736
BraTS-GLI-02063-102,RegionGrowing,sub,False,True,0.09957519116397621,0.052396280400572245,0.06088944305901912,0.9998919101690359,1073
BraTS-GLI-02063-102,RegionGrowing,sub_morf,False,True,0.06795151996820982,0.035170711641299875,0.035536159600997506,0.9999930711646818,221
BraTS-GLI-02063-102,Watershed,base,False,True,0.2553885165730846,0.14638704318936877,0.14650872817955113,0.9999994456931746,709
BraTS-GLI-02063-102,Watershed,morf,False,True,0.2311225427154143,0.13066057332779393,0.13071487946799668,0.9999997228465872,631
BraTS-GLI-02063-102,Watershed,sub,False,True,0.006407689227072487,0.0032141422257934912,0.0033250207813798837,0.9999769962667435,182
BraTS-GLI-02063-102,Watershed,sub_morf,False,True,0.006127450980392157,0.003073140749846343,0.003117206982543641,0.9999904382072609,84
BraTS-GLI-02063-102,GMM_multimodal,base,True,True,0.00012202963442737594,6.101854024876789e-05,0.008104738154613466,0.9120955292382993,634377
BraTS-GLI-02063-102,GMM_multimodal,morf,True,True,2.734672502457787e-06,1.3673381208398738e-06,0.00020781379883624273,0.899319034064926,726537
BraTS-GLI-00498-100,Otsu,base,False,True,0.13608708827711602,0.07301150575287643,0.6061046511627907,0.9951270859963172,38083
BraTS-GLI-00498-100,Otsu,morf,False,True,0.0,0.0,0.0,0.9983664568798939,11788
BraTS-GLI-00498-100,Otsu,sub,False,True,0.06500178380306815,0.03359268409602124,0.18916112956810632,0.9969093220047737,23214
BraTS-GLI-00498-100,Otsu,sub_morf,False,True,0.0,0.0,0.0,0.9987867602632737,8755
BraTS-GLI-00498-100,RegionGrowing,base,False,True,0.15654260452257374,0.08491794001131862,0.6231312292358804,0.9957700822702646,33525
BraTS-GLI-00498-100,RegionGrowing,morf,False,True,0.0,0.0,0.0,0.9982583669890147,12568
BraTS-GLI-00498-100,RegionGrowing,sub,False,True,0.1801699716713881,0.09900373599003735,0.09904485049833887,0.9999997228464337,479
BraTS-GLI-00498-100,RegionGrowing,sub_morf,False,True,0.09416419386745796,0.049408345443221924,0.04941860465116279,0.9999998614232168,239
BraTS-GLI-00498-100,Watershed,base,False,True,0.09589581689029203,0.05036269430051814,0.05045681063122923,0.9999987528089513,252
BraTS-GLI-00498-100,Watershed,morf,False,True,0.05414141414141414,0.02782392026578073,0.02782392026578073,1.0,134
BraTS-GLI-00498-100,Watershed,sub,False,True,0.0983024082116068,0.051691924434295204,0.05170265780730897,0.9999998614232168,250
BraTS-GLI-00498-100,Watershed,sub_morf,False,True,0.07167167167167167,0.03716777408637874,0.03716777408637874,1.0,179
BraTS-GLI-00498-100,GMM_multimodal,base,True,True,0.09376768447211081,0.04919006131010003,0.7913205980066446,0.9899311495110457,76470
BraTS-GLI-00498-100,GMM_multimodal,morf,True,True,0.0,0.0,0.0,0.9980840373957764,13826
BraTS-GLI-00463-101,Otsu,base,False,True,0.20688362628683116,0.11537657528519381,0.6830799151343706,0.9922798666245014,63387
BraTS-GLI-00463-101,Otsu,morf,False,True,0.0,0.0,0.0,0.9983147750536775,12150
BraTS-GLI-00463-101,Otsu,sub,False,True,0.18914439610524136,0.10445029172863517,0.40355374823196605,0.9955070377212984,36958
BraTS-GLI-00463-101,Otsu,sub_morf,False,True,0.0,0.0,0.0,0.999023401740983,7041
BraTS-GLI-00463-101,RegionGrowing,base,False,True,0.279857520395266,0.16269438358360497,0.5382779349363508,0.996377945329361,32203
BraTS-GLI-00463-101,RegionGrowing,morf,False,True,0.0,0.0,0.0,0.9986170059308822,9971
BraTS-GLI-00463-101,RegionGrowing,sub,False,True,0.575591985428051,0.4040920716112532,0.432991513437058,0.9998877903718868,5707
BraTS-GLI-00463-101,RegionGrowing,sub_morf,False,True,0.3182661619535367,0.18924883043516638,0.18953323903818953,0.9999976420720915,2161
BraTS-GLI-00463-101,Watershed,base,False,True,0.6181707317073171,0.44735680875474365,0.4481082036775106,0.9999973646688082,5088
BraTS-GLI-00463-101,Watershed,morf,False,True,0.5518805518805519,0.3811015400678674,0.3871994342291372,0.9999748950028573,4561
BraTS-GLI-00463-101,Watershed,sub,False,True,0.5617291799109981,0.39055869872701554,0.39055869872701554,1.0,4418
BraTS-GLI-00463-101,Watershed,sub_morf,False,True,0.5182681055779482,0.3497718497718498,0.35236916548797736,0.9999883490620995,4070
BraTS-GLI-00463-101,GMM_multimodal,base,True,True,0.14623723231237198,0.07888670269000353,0.9498762376237624,0.982676719761655,135641
BraTS-GLI-00463-101,GMM_multimodal,morf,True,True,0.6699182950697443,0.5036670248049704,0.9531471004243282,0.9985998069273148,20877
BraTS-GLI-02060-100,Otsu,base,False,True,0.3678243041749503,0.22535827798184344,0.59279098873592,0.9954773306196576,44409
BraTS-GLI-02060-100,Otsu,morf,False,True,0.5251177128146065,0.35604042259990815,0.38803504380475595,0.9997507310385129,9546
BraTS-GLI-02060-100,Otsu,sub,False,True,0.25457955860637743,0.14585572196181548,0.3193491864831039,0.9967004843872226,30139
BraTS-GLI-02060-100,Otsu,sub_morf,False,True,0.1728316034932102,0.09458986036734898,0.09461827284105132,0.9999991667889867,1896
BraTS-GLI-02060-100,RegionGrowing,base,False,True,0.45082102386505524,0.2910064174701177,0.4789987484355444,0.9982080408473367,22472
BraTS-GLI-02060-100,RegionGrowing,morf,False,True,0.4952327928178718,0.3291092405882897,0.3562453066332916,0.9997712835768415,8763
BraTS-GLI-02060-100,RegionGrowing,sub,False,True,0.0315070402899763,0.016005665722379603,0.02262828535669587,0.9988522518291412,8717
BraTS-GLI-02060-100,RegionGrowing,sub_morf,False,True,0.0,0.0,0.0,0.9997954466962281,1473
BraTS-GLI-02060-100,Watershed,base,False,True,0.10964705882352942,0.05800348518795121,0.05832290362953692,0.9999847244647556,1275
BraTS-GLI-02060-100,Watershed,morf,False,True,0.09846328969834946,0.051780903920981745,0.05196495619524406,0.9999901403363423,1109
BraTS-GLI-02060-100,Watershed,sub,False,True,0.010249266132643415,0.005151030206041208,0.005156445556946183,0.9999970837614534,124
BraTS-GLI-02060-100,Watershed,sub_morf,False,True,0.005689474472226381,0.002852852852852853,0.002853566958698373,0.9999993056574888,62
BraTS-GLI-02060-100,GMM_multimodal,base,True,True,0.2646301910738208,0.15249210267036395,0.7515894868585732,0.9891021554196835,93489
BraTS-GLI-02060-100,GMM_multimodal,morf,True,True,0.50411435452579,0.3370005963029219,0.565857321652065,0.9981162487673685,24868
BraTS-GLI-00046-101,Otsu,base,False,True,0.3953418644535326,0.24637139568603417,0.6513079901999526,0.9942197632316739,58075
BraTS-GLI-00046-101,Otsu,morf,False,True,0.6734990550952173,0.5077260273972602,0.549237335019363,0.9997124682068217,15968
BraTS-GLI-00046-101,Otsu,sub,False,True,0.25250343608874926,0.14449438202247192,0.2794989330593535,0.9967141606003341,30717
BraTS-GLI-00046-101,Otsu,sub_morf,False,True,0.0,0.0,0.0,0.9992285698482682,5551
BraTS-GLI-00046-101,RegionGrowing,base,False,True,0.5092763140332612,0.3416302557123415,0.3769461787718328,0.9996364508598576,12155
BraTS-GLI-00046-101,RegionGrowing,morf,False,True,0.43128912660305113,0.27493219682293685,0.2804078084248795,0.9999299584225414,7600
BraTS-GLI-00046-101,RegionGrowing,sub,False,True,0.35104103367767936,0.21288645796966524,0.21686556547854263,0.9999342665354406,5961
BraTS-GLI-00046-101,RegionGrowing,sub_morf,False,True,0.22270742358078602,0.12530712530712532,0.1269659369319529,0.9999534445864114,3548
BraTS-GLI-00046-101,Watershed,base,False,True,0.035008907133452095,0.01781631848640126,0.017861376748597172,0.9999911058314338,516
BraTS-GLI-00046-101,Watershed,morf,False,True,0.025472249269717626,0.01290042606911788,0.012921836718564767,0.9999941632018784,369
BraTS-GLI-00046-101,Watershed,sub,False,True,0.07771497023920937,0.0404284323271665,0.04101794040938908,0.9999487195593606,1407
BraTS-GLI-00046-101,Watershed,sub_morf,False,True,0.059230009871668314,0.030518819938962362,0.030822729787402196,0.9999649792112707,1032
BraTS-GLI-00046-101,GMM_multimodal,base,True,True,0.21685241641261432,0.1216121528069733,0.857306567612424,0.9787250098183282,174784
BraTS-GLI-00046-101,GMM_multimodal,morf,True,True,0.4452805157385239,0.2864056958481107,0.8488500750810084,0.993093678108366,71177
BraTS-GLI-00005-100,Otsu,base,False,False,,,,0.9961247921349746,27983
BraTS-GLI-00005-100,Otsu,morf,False,False,,,,0.9985680717105256,10340
BraTS-GLI-00005-100,Otsu,sub,False,False,,,,0.9975837248747824,17448
BraTS-GLI-00005-100,Otsu,sub_morf,False,False,,,,0.9989419794843729,7640
BraTS-GLI-00005-100,RegionGrowing,base,False,False,,,,0.9978888059213696,15245
BraTS-GLI-00005-100,RegionGrowing,morf,False,False,,,,0.9987036478996354,9361
BraTS-GLI-00005-100,RegionGrowing,sub,False,False,,,,0.998376270870978,11725
BraTS-GLI-00005-100,RegionGrowing,sub_morf,False,False,,,,0.9988820157561966,8073
BraTS-GLI-00005-100,Watershed,base,False,False,,,,0.9944305744663644,40217
BraTS-GLI-00005-100,Watershed,morf,False,False,,,,0.9981490180350953,13366
BraTS-GLI-00005-100,Watershed,sub,False,False,,,,0.9960613662977813,28441
BraTS-GLI-00005-100,Watershed,sub_morf,False,False,,,,0.9984673935803082,11067
BraTS-GLI-00005-100,GMM_multimodal,base,True,False,,,,0.9879396739967362,87088
BraTS-GLI-00005-100,GMM_multimodal,morf,True,False,,,,0.9978564005809696,15479
