case_id,metodo,dice_ET,jaccard_ET,vol_GT,vol_pred,guard_branch,guard_reason,tiempo_s,case_wall_s,shared_preproc_s,process,fold,stratum,vol_bin,focality,confound_bin,et_present,et_mm3,et_num_components,rc_present,et_to_rc_min_mm,enh_confound_risk
BraTS-GLI-00009-101,otsu_T1c,0.5336,0.3639,11334,14599,,,0.2959,27.8548,2.6368,1,4.0,large|multifocal|far_rc,large,multifocal,far_rc,1,11334.0,2,1,1.0,1.0
BraTS-GLI-00009-101,gmm_T1c,0.5518,0.381,11334,21499,,,1.893,27.8548,2.6368,1,4.0,large|multifocal|far_rc,large,multifocal,far_rc,1,11334.0,2,1,1.0,1.0
BraTS-GLI-00009-101,sustraccion,0.1727,0.0945,11334,18353,,,0.2824,27.8548,2.6368,1,4.0,large|multifocal|far_rc,large,multifocal,far_rc,1,11334.0,2,1,1.0,1.0
BraTS-GLI-00009-101,gmm_2d,0.1965,0.109,11334,35515,,,5.7958,27.8548,2.6368,1,4.0,large|multifocal|far_rc,large,multifocal,far_rc,1,11334.0,2,1,1.0,1.0
BraTS-GLI-00009-101,variational_spline,0.5525,0.3817,11334,21555,collapse-detected,collapsed_small,16.9508,27.8548,2.6368,1,4.0,large|multifocal|far_rc,large,multifocal,far_rc,1,11334.0,2,1,1.0,1.0
BraTS-GLI-00046-100,otsu_T1c,0.0,0.0,6187,10577,,,0.3058,32.8785,2.7506,1,1.0,medium|multifocal|far_rc,medium,multifocal,far_rc,1,6187.0,2,1,1.0,1.0
BraTS-GLI-00046-100,gmm_T1c,0.0,0.0,6187,11199,,,1.559,32.8785,2.7506,1,1.0,medium|multifocal|far_rc,medium,multifocal,far_rc,1,6187.0,2,1,1.0,1.0
BraTS-GLI-00046-100,sustraccion,0.0699,0.0362,6187,61781,,,0.2625,32.8785,2.7506,1,1.0,medium|multifocal|far_rc,medium,multifocal,far_rc,1,6187.0,2,1,1.0,1.0
BraTS-GLI-00046-100,gmm_2d,0.014,0.0071,6187,458498,,,4.9584,32.8785,2.7506,1,1.0,medium|multifocal|far_rc,medium,multifocal,far_rc,1,6187.0,2,1,1.0,1.0
BraTS-GLI-00046-100,variational_spline,0.0,0.0,6187,11199,collapse-detected,empty_prediction,23.0422,32.8785,2.7506,1,1.0,medium|multifocal|far_rc,medium,multifocal,far_rc,1,6187.0,2,1,1.0,1.0
BraTS-GLI-00543-101,otsu_T1c,0.0,0.0,0,13935,,,0.3027,60.036,2.6894,1,2.0,absent|unifocal|no_rc,absent,unifocal,no_rc,0,0.0,0,1,,
BraTS-GLI-00543-101,gmm_T1c,0.0,0.0,0,16769,,,1.9395,60.036,2.6894,1,2.0,absent|unifocal|no_rc,absent,unifocal,no_rc,0,0.0,0,1,,
BraTS-GLI-00543-101,sustraccion,0.0,0.0,0,35620,,,0.2493,60.036,2.6894,1,2.0,absent|unifocal|no_rc,absent,unifocal,no_rc,0,0.0,0,1,,
BraTS-GLI-00543-101,gmm_2d,0.0,0.0,0,43524,,,13.6043,60.036,2.6894,1,2.0,absent|unifocal|no_rc,absent,unifocal,no_rc,0,0.0,0,1,,
BraTS-GLI-00543-101,variational_spline,0.0,0.0,0,16775,collapse-detected,empty_prediction,41.2507,60.036,2.6894,1,2.0,absent|unifocal|no_rc,absent,unifocal,no_rc,0,0.0,0,1,,
BraTS-GLI-00548-100,otsu_T1c,0.0,0.0,0,13841,,,0.2877,30.6516,17.5092,1,1.0,absent|unifocal|no_rc,absent,unifocal,no_rc,0,0.0,0,1,,
BraTS-GLI-00548-100,gmm_T1c,0.0,0.0,0,1109623,,,6.4645,30.6516,17.5092,1,1.0,absent|unifocal|no_rc,absent,unifocal,no_rc,0,0.0,0,1,,
BraTS-GLI-00548-100,sustraccion,0.0,0.0,0,102144,,,0.2546,30.6516,17.5092,1,1.0,absent|unifocal|no_rc,absent,unifocal,no_rc,0,0.0,0,1,,
BraTS-GLI-00548-100,gmm_2d,0.0,0.0,0,90129,,,5.6946,30.6516,17.5092,1,1.0,absent|unifocal|no_rc,absent,unifocal,no_rc,0,0.0,0,1,,
BraTS-GLI-00548-100,variational_spline,0.0,0.0,0,209037,evolved,accepted,0.4409,30.6516,17.5092,1,1.0,absent|unifocal|no_rc,absent,unifocal,no_rc,0,0.0,0,1,,
BraTS-GLI-00549-100,otsu_T1c,0.0,0.0,0,13510,,,0.2915,51.2806,3.2116,1,1.0,absent|unifocal|no_rc,absent,unifocal,no_rc,0,0.0,0,1,,
BraTS-GLI-00549-100,gmm_T1c,0.0,0.0,0,20792,,,2.5382,51.2806,3.2116,1,1.0,absent|unifocal|no_rc,absent,unifocal,no_rc,0,0.0,0,1,,
BraTS-GLI-00549-100,sustraccion,0.0,0.0,0,95234,,,0.266,51.2806,3.2116,1,1.0,absent|unifocal|no_rc,absent,unifocal,no_rc,0,0.0,0,1,,
BraTS-GLI-00549-100,gmm_2d,0.0,0.0,0,80673,,,5.9378,51.2806,3.2116,1,1.0,absent|unifocal|no_rc,absent,unifocal,no_rc,0,0.0,0,1,,
BraTS-GLI-00549-100,variational_spline,0.0,0.0,0,20792,collapse-detected,empty_prediction,39.0356,51.2806,3.2116,1,1.0,absent|unifocal|no_rc,absent,unifocal,no_rc,0,0.0,0,1,,
BraTS-GLI-02061-100,otsu_T1c,0.0,0.0,427,4347,,,0.2725,22.0786,2.3307,1,1.0,small|unifocal|far_rc,small,unifocal,far_rc,1,427.0,1,1,1.0,0.9936
BraTS-GLI-02061-100,gmm_T1c,0.0,0.0,427,4541,,,1.6077,22.0786,2.3307,1,1.0,small|unifocal|far_rc,small,unifocal,far_rc,1,427.0,1,1,1.0,0.9936
BraTS-GLI-02061-100,sustraccion,0.0081,0.004,427,76029,,,0.2547,22.0786,2.3307,1,1.0,small|unifocal|far_rc,small,unifocal,far_rc,1,427.0,1,1,1.0,0.9936
BraTS-GLI-02061-100,gmm_2d,0.0057,0.0029,427,99641,,,5.2205,22.0786,2.3307,1,1.0,small|unifocal|far_rc,small,unifocal,far_rc,1,427.0,1,1,1.0,0.9936
BraTS-GLI-02061-100,variational_spline,0.0,0.0,427,4541,collapse-detected,empty_prediction,12.3924,22.0786,2.3307,1,1.0,small|unifocal|far_rc,small,unifocal,far_rc,1,427.0,1,1,1.0,0.9936
BraTS-GLI-02086-100,otsu_T1c,0.4452,0.2863,26344,7548,,,0.259,14.6179,2.5944,1,0.0,large|multifocal|no_rc,large,multifocal,no_rc,1,26344.0,2,0,,1.0
BraTS-GLI-02086-100,gmm_T1c,0.4862,0.3212,26344,8476,,,1.8246,14.6179,2.5944,1,0.0,large|multifocal|no_rc,large,multifocal,no_rc,1,26344.0,2,0,,1.0
BraTS-GLI-02086-100,sustraccion,0.4393,0.2815,26344,76778,,,0.2478,14.6179,2.5944,1,0.0,large|multifocal|no_rc,large,multifocal,no_rc,1,26344.0,2,0,,1.0
BraTS-GLI-02086-100,gmm_2d,0.3313,0.1985,26344,120926,,,6.1009,14.6179,2.5944,1,0.0,large|multifocal|no_rc,large,multifocal,no_rc,1,26344.0,2,0,,1.0
BraTS-GLI-02086-100,variational_spline,0.4643,0.3023,26344,8555,evolved,accepted,3.5913,14.6179,2.5944,1,0.0,large|multifocal|no_rc,large,multifocal,no_rc,1,26344.0,2,0,,1.0
BraTS-GLI-02093-106,otsu_T1c,0.0003,0.0001,1054,833819,,,0.3238,51.3947,26.8288,1,1.0,small|multifocal|far_rc,small,multifocal,far_rc,1,1054.0,5,1,1.0,1.0
BraTS-GLI-02093-106,gmm_T1c,0.0,0.0,1054,1038035,,,9.5291,51.3947,26.8288,1,1.0,small|multifocal|far_rc,small,multifocal,far_rc,1,1054.0,5,1,1.0,1.0
BraTS-GLI-02093-106,sustraccion,0.0224,0.0113,1054,85674,,,0.3052,51.3947,26.8288,1,1.0,small|multifocal|far_rc,small,multifocal,far_rc,1,1054.0,5,1,1.0,1.0
BraTS-GLI-02093-106,gmm_2d,0.0171,0.0086,1054,98519,,,13.9355,51.3947,26.8288,1,1.0,small|multifocal|far_rc,small,multifocal,far_rc,1,1054.0,5,1,1.0,1.0
BraTS-GLI-02093-106,variational_spline,0.0094,0.0047,1054,224020,evolved,accepted,0.4724,51.3947,26.8288,1,1.0,small|multifocal|far_rc,small,multifocal,far_rc,1,1054.0,5,1,1.0,1.0
BraTS-GLI-02101-101,otsu_T1c,0.0096,0.0048,4365,623713,,,0.3285,43.411,29.2922,1,1.0,medium|multifocal|far_rc,medium,multifocal,far_rc,1,4365.0,2,1,1.0,1.0
BraTS-GLI-02101-101,gmm_T1c,0.005,0.0025,4365,917639,,,7.0699,43.411,29.2922,1,1.0,medium|multifocal|far_rc,medium,multifocal,far_rc,1,4365.0,2,1,1.0,1.0
BraTS-GLI-02101-101,sustraccion,0.1313,0.0703,4365,57514,,,0.2511,43.411,29.2922,1,1.0,medium|multifocal|far_rc,medium,multifocal,far_rc,1,4365.0,2,1,1.0,1.0
BraTS-GLI-02101-101,gmm_2d,0.1027,0.0541,4365,75231,,,5.9714,43.411,29.2922,1,1.0,medium|multifocal|far_rc,medium,multifocal,far_rc,1,4365.0,2,1,1.0,1.0
BraTS-GLI-02101-101,variational_spline,0.0506,0.026,4365,146428,evolved,accepted,0.4979,43.411,29.2922,1,1.0,medium|multifocal|far_rc,medium,multifocal,far_rc,1,4365.0,2,1,1.0,1.0
BraTS-GLI-02123-101,otsu_T1c,0.0,0.0,507,5671,,,0.3024,28.3072,16.5843,1,3.0,small|multifocal|far_rc,small,multifocal,far_rc,1,507.0,2,1,1.0,1.0
BraTS-GLI-02123-101,gmm_T1c,0.0009,0.0004,507,955707,,,4.9325,28.3072,16.5843,1,3.0,small|multifocal|far_rc,small,multifocal,far_rc,1,507.0,2,1,1.0,1.0
BraTS-GLI-02123-101,sustraccion,0.0088,0.0044,507,66209,,,0.3114,28.3072,16.5843,1,3.0,small|multifocal|far_rc,small,multifocal,far_rc,1,507.0,2,1,1.0,1.0
BraTS-GLI-02123-101,gmm_2d,0.0064,0.0032,507,95554,,,5.6492,28.3072,16.5843,1,3.0,small|multifocal|far_rc,small,multifocal,far_rc,1,507.0,2,1,1.0,1.0
BraTS-GLI-02123-101,variational_spline,0.0053,0.0026,507,150956,evolved,accepted,0.5276,28.3072,16.5843,1,3.0,small|multifocal|far_rc,small,multifocal,far_rc,1,507.0,2,1,1.0,1.0
BraTS-GLI-02137-100,otsu_T1c,0.0004,0.0002,2862,13096,,,0.3142,49.2932,2.8105,1,0.0,medium|multifocal|far_rc,medium,multifocal,far_rc,1,2862.0,2,1,1.0,1.0
BraTS-GLI-02137-100,gmm_T1c,0.0006,0.0003,2862,13510,,,2.0953,49.2932,2.8105,1,0.0,medium|multifocal|far_rc,medium,multifocal,far_rc,1,2862.0,2,1,1.0,1.0
BraTS-GLI-02137-100,sustraccion,0.0287,0.0146,2862,96211,,,0.2557,49.2932,2.8105,1,0.0,medium|multifocal|far_rc,medium,multifocal,far_rc,1,2862.0,2,1,1.0,1.0
BraTS-GLI-02137-100,gmm_2d,0.0312,0.0158,2862,158453,,,5.6977,49.2932,2.8105,1,0.0,medium|multifocal|far_rc,medium,multifocal,far_rc,1,2862.0,2,1,1.0,1.0
BraTS-GLI-02137-100,variational_spline,0.0006,0.0003,2862,13510,collapse-detected,empty_prediction,38.1199,49.2932,2.8105,1,0.0,medium|multifocal|far_rc,medium,multifocal,far_rc,1,2862.0,2,1,1.0,1.0
BraTS-GLI-02139-103,otsu_T1c,0.0,0.0,1109,9833,,,0.293,56.2072,2.6208,1,4.0,small|multifocal|far_rc,small,multifocal,far_rc,1,1109.0,2,1,1.0,1.0
BraTS-GLI-02139-103,gmm_T1c,0.0,0.0,1109,12736,,,2.0052,56.2072,2.6208,1,4.0,small|multifocal|far_rc,small,multifocal,far_rc,1,1109.0,2,1,1.0,1.0
BraTS-GLI-02139-103,sustraccion,0.0379,0.0193,1109,49906,,,0.2519,56.2072,2.6208,1,4.0,small|multifocal|far_rc,small,multifocal,far_rc,1,1109.0,2,1,1.0,1.0
BraTS-GLI-02139-103,gmm_2d,0.0089,0.0045,1109,61780,,,6.1692,56.2072,2.6208,1,4.0,small|multifocal|far_rc,small,multifocal,far_rc,1,1109.0,2,1,1.0,1.0
BraTS-GLI-02139-103,variational_spline,0.0,0.0,1109,12736,collapse-detected,empty_prediction,44.8671,56.2072,2.6208,1,4.0,small|multifocal|far_rc,small,multifocal,far_rc,1,1109.0,2,1,1.0,1.0
BraTS-GLI-02143-100,otsu_T1c,0.4101,0.258,50441,23313,,,0.3097,40.0111,2.3465,1,3.0,large|multifocal|far_rc,large,multifocal,far_rc,1,50441.0,2,1,1.0,0.414
BraTS-GLI-02143-100,gmm_T1c,0.3955,0.2465,50441,22358,,,1.8179,40.0111,2.3465,1,3.0,large|multifocal|far_rc,large,multifocal,far_rc,1,50441.0,2,1,1.0,0.414
BraTS-GLI-02143-100,sustraccion,0.6097,0.4385,50441,47660,,,0.2763,40.0111,2.3465,1,3.0,large|multifocal|far_rc,large,multifocal,far_rc,1,50441.0,2,1,1.0,0.414
BraTS-GLI-02143-100,gmm_2d,0.5296,0.3602,50441,70217,,,6.7841,40.0111,2.3465,1,3.0,large|multifocal|far_rc,large,multifocal,far_rc,1,50441.0,2,1,1.0,0.414
BraTS-GLI-02143-100,variational_spline,0.3703,0.2272,50441,12548,evolved,accepted,28.4767,40.0111,2.3465,1,3.0,large|multifocal|far_rc,large,multifocal,far_rc,1,50441.0,2,1,1.0,0.414
BraTS-GLI-02143-101,otsu_T1c,0.5392,0.3692,96040,42725,,,0.3026,46.6287,2.6227,1,2.0,large|multifocal|far_rc,large,multifocal,far_rc,1,96040.0,2,1,1.0,0.3407
BraTS-GLI-02143-101,gmm_T1c,0.6171,0.4463,96040,59598,,,2.0456,46.6287,2.6227,1,2.0,large|multifocal|far_rc,large,multifocal,far_rc,1,96040.0,2,1,1.0,0.3407
BraTS-GLI-02143-101,sustraccion,0.812,0.6835,96040,110175,,,0.2604,46.6287,2.6227,1,2.0,large|multifocal|far_rc,large,multifocal,far_rc,1,96040.0,2,1,1.0,0.3407
BraTS-GLI-02143-101,gmm_2d,0.6093,0.4381,96040,99070,,,6.1365,46.6287,2.6227,1,2.0,large|multifocal|far_rc,large,multifocal,far_rc,1,96040.0,2,1,1.0,0.3407
BraTS-GLI-02143-101,variational_spline,0.7485,0.5981,96040,67053,evolved,accepted,35.2609,46.6287,2.6227,1,2.0,large|multifocal|far_rc,large,multifocal,far_rc,1,96040.0,2,1,1.0,0.3407
BraTS-GLI-02151-100,otsu_T1c,0.8212,0.6967,39885,28341,,,0.3184,18.0861,2.7503,1,3.0,large|multifocal|far_rc,large,multifocal,far_rc,1,39885.0,3,1,1.0,1.0
BraTS-GLI-02151-100,gmm_T1c,0.5657,0.3944,39885,15909,,,2.1922,18.0861,2.7503,1,3.0,large|multifocal|far_rc,large,multifocal,far_rc,1,39885.0,3,1,1.0,1.0
BraTS-GLI-02151-100,sustraccion,0.5881,0.4166,39885,82501,,,0.2936,18.0861,2.7503,1,3.0,large|multifocal|far_rc,large,multifocal,far_rc,1,39885.0,3,1,1.0,1.0
BraTS-GLI-02151-100,gmm_2d,0.2276,0.1284,39885,55095,,,5.6245,18.0861,2.7503,1,3.0,large|multifocal|far_rc,large,multifocal,far_rc,1,39885.0,3,1,1.0,1.0
BraTS-GLI-02151-100,variational_spline,0.7433,0.5914,39885,25592,evolved,accepted,6.9072,18.0861,2.7503,1,3.0,large|multifocal|far_rc,large,multifocal,far_rc,1,39885.0,3,1,1.0,1.0
BraTS-GLI-02153-101,otsu_T1c,0.0003,0.0002,519,689912,,,0.3188,23.3098,2.6797,1,1.0,small|multifocal|far_rc,small,multifocal,far_rc,1,519.0,3,1,1.0,1.0
BraTS-GLI-02153-101,gmm_T1c,0.0,0.0,519,4435,,,2.121,23.3098,2.6797,1,1.0,small|multifocal|far_rc,small,multifocal,far_rc,1,519.0,3,1,1.0,1.0
BraTS-GLI-02153-101,sustraccion,0.0124,0.0062,519,75315,,,0.2547,23.3098,2.6797,1,1.0,small|multifocal|far_rc,small,multifocal,far_rc,1,519.0,3,1,1.0,1.0
BraTS-GLI-02153-101,gmm_2d,0.0113,0.0057,519,81242,,,6.3698,23.3098,2.6797,1,1.0,small|multifocal|far_rc,small,multifocal,far_rc,1,519.0,3,1,1.0,1.0
BraTS-GLI-02153-101,variational_spline,0.0,0.0,519,4435,collapse-detected,empty_prediction,11.5658,23.3098,2.6797,1,1.0,small|multifocal|far_rc,small,multifocal,far_rc,1,519.0,3,1,1.0,1.0
BraTS-GLI-02171-101,otsu_T1c,0.0,0.0,164,5967,,,0.3018,38.3123,2.509,1,1.0,small|unifocal|far_rc,small,unifocal,far_rc,1,164.0,1,1,16.125,1.0
BraTS-GLI-02171-101,gmm_T1c,0.0,0.0,164,5961,,,2.0214,38.3123,2.509,1,1.0,small|unifocal|far_rc,small,unifocal,far_rc,1,164.0,1,1,16.125,1.0
BraTS-GLI-02171-101,sustraccion,0.0042,0.0021,164,77246,,,0.2765,38.3123,2.509,1,1.0,small|unifocal|far_rc,small,unifocal,far_rc,1,164.0,1,1,16.125,1.0
BraTS-GLI-02171-101,gmm_2d,0.0006,0.0003,164,94963,,,12.8208,38.3123,2.509,1,1.0,small|unifocal|far_rc,small,unifocal,far_rc,1,164.0,1,1,16.125,1.0
BraTS-GLI-02171-101,variational_spline,0.0,0.0,164,5963,collapse-detected,empty_prediction,20.3828,38.3123,2.509,1,1.0,small|unifocal|far_rc,small,unifocal,far_rc,1,164.0,1,1,16.125,1.0
BraTS-GLI-02181-102,otsu_T1c,0.0,0.0,1816,18229,,,0.3063,122.7451,3.0708,1,3.0,small|multifocal|far_rc,small,multifocal,far_rc,1,1816.0,6,1,1.0,1.0
BraTS-GLI-02181-102,gmm_T1c,0.0,0.0,1816,18796,,,2.3356,122.7451,3.0708,1,3.0,small|multifocal|far_rc,small,multifocal,far_rc,1,1816.0,6,1,1.0,1.0
BraTS-GLI-02181-102,sustraccion,0.0142,0.0071,1816,116996,,,0.2599,122.7451,3.0708,1,3.0,small|multifocal|far_rc,small,multifocal,far_rc,1,1816.0,6,1,1.0,1.0
BraTS-GLI-02181-102,gmm_2d,0.006,0.003,1816,421098,,,13.5722,122.7451,3.0708,1,3.0,small|multifocal|far_rc,small,multifocal,far_rc,1,1816.0,6,1,1.0,1.0
BraTS-GLI-02181-102,variational_spline,0.0,0.0,1816,18796,collapse-detected,empty_prediction,103.2005,122.7451,3.0708,1,3.0,small|multifocal|far_rc,small,multifocal,far_rc,1,1816.0,6,1,1.0,1.0
BraTS-GLI-02184-101,otsu_T1c,0.0,0.0,101,15259,,,0.7677,127.4497,5.9578,1,3.0,small|multifocal|far_rc,small,multifocal,far_rc,1,101.0,3,1,1.0,1.0
BraTS-GLI-02184-101,gmm_T1c,0.0,0.0,101,17688,,,4.5875,127.4497,5.9578,1,3.0,small|multifocal|far_rc,small,multifocal,far_rc,1,101.0,3,1,1.0,1.0
BraTS-GLI-02184-101,sustraccion,0.0008,0.0004,101,65083,,,0.6873,127.4497,5.9578,1,3.0,small|multifocal|far_rc,small,multifocal,far_rc,1,101.0,3,1,1.0,1.0
BraTS-GLI-02184-101,gmm_2d,0.0013,0.0006,101,115380,,,20.5673,127.4497,5.9578,1,3.0,small|multifocal|far_rc,small,multifocal,far_rc,1,101.0,3,1,1.0,1.0
BraTS-GLI-02184-101,variational_spline,0.0,0.0,101,17688,collapse-detected,empty_prediction,94.882,127.4497,5.9578,1,3.0,small|multifocal|far_rc,small,multifocal,far_rc,1,101.0,3,1,1.0,1.0
BraTS-GLI-02185-100,otsu_T1c,0.0828,0.0432,10020,25886,,,0.4381,27.8152,6.2986,1,4.0,medium|multifocal|far_rc,medium,multifocal,far_rc,1,10020.0,3,1,1.0,0.9925
BraTS-GLI-02185-100,gmm_T1c,0.091,0.0477,10020,34502,,,4.595,27.8152,6.2986,1,4.0,medium|multifocal|far_rc,medium,multifocal,far_rc,1,10020.0,3,1,1.0,0.9925
BraTS-GLI-02185-100,sustraccion,0.0767,0.0399,10020,84319,,,0.6733,27.8152,6.2986,1,4.0,medium|multifocal|far_rc,medium,multifocal,far_rc,1,10020.0,3,1,1.0,0.9925
BraTS-GLI-02185-100,gmm_2d,0.0785,0.0408,10020,150127,,,14.975,27.8152,6.2986,1,4.0,medium|multifocal|far_rc,medium,multifocal,far_rc,1,10020.0,3,1,1.0,0.9925
BraTS-GLI-02185-100,variational_spline,0.0905,0.0474,10020,34450,evolved,accepted,0.8351,27.8152,6.2986,1,4.0,medium|multifocal|far_rc,medium,multifocal,far_rc,1,10020.0,3,1,1.0,0.9925
BraTS-GLI-02192-101,otsu_T1c,0.0,0.0,4984,8568,,,0.4981,63.2447,5.3139,1,3.0,medium|multifocal|far_rc,medium,multifocal,far_rc,1,4984.0,2,1,9.899,0.9999
BraTS-GLI-02192-101,gmm_T1c,0.0,0.0,4984,8602,,,4.4352,63.2447,5.3139,1,3.0,medium|multifocal|far_rc,medium,multifocal,far_rc,1,4984.0,2,1,9.899,0.9999
BraTS-GLI-02192-101,sustraccion,0.0858,0.0448,4984,82858,,,0.5699,63.2447,5.3139,1,3.0,medium|multifocal|far_rc,medium,multifocal,far_rc,1,4984.0,2,1,9.899,0.9999
BraTS-GLI-02192-101,gmm_2d,0.0801,0.0417,4984,104997,,,20.2686,63.2447,5.3139,1,3.0,medium|multifocal|far_rc,medium,multifocal,far_rc,1,4984.0,2,1,9.899,0.9999
BraTS-GLI-02192-101,variational_spline,0.0,0.0,4984,8602,collapse-detected,empty_prediction,32.159,63.2447,5.3139,1,3.0,medium|multifocal|far_rc,medium,multifocal,far_rc,1,4984.0,2,1,9.899,0.9999
BraTS-GLI-02194-101,otsu_T1c,0.0109,0.0055,3716,655031,,,0.5497,39.9825,5.2963,1,2.0,medium|multifocal|far_rc,medium,multifocal,far_rc,1,3716.0,2,1,1.0,1.0
BraTS-GLI-02194-101,gmm_T1c,0.0,0.0,3716,4417,,,3.8351,39.9825,5.2963,1,2.0,medium|multifocal|far_rc,medium,multifocal,far_rc,1,3716.0,2,1,1.0,1.0
BraTS-GLI-02194-101,sustraccion,0.0692,0.0358,3716,84734,,,0.5404,39.9825,5.2963,1,2.0,medium|multifocal|far_rc,medium,multifocal,far_rc,1,3716.0,2,1,1.0,1.0
BraTS-GLI-02194-101,gmm_2d,0.0885,0.0463,3716,76267,,,10.309,39.9825,5.2963,1,2.0,medium|multifocal|far_rc,medium,multifocal,far_rc,1,3716.0,2,1,1.0,1.0
BraTS-GLI-02194-101,variational_spline,0.0,0.0,3716,4417,collapse-detected,empty_prediction,19.4521,39.9825,5.2963,1,2.0,medium|multifocal|far_rc,medium,multifocal,far_rc,1,3716.0,2,1,1.0,1.0
BraTS-GLI-02196-100,otsu_T1c,0.0581,0.0299,46257,17676,,,0.5069,146.1189,4.2114,1,4.0,large|multifocal|far_rc,large,multifocal,far_rc,1,46257.0,3,1,1.0,0.9908
BraTS-GLI-02196-100,gmm_T1c,0.0573,0.0295,46257,17410,,,3.8524,146.1189,4.2114,1,4.0,large|multifocal|far_rc,large,multifocal,far_rc,1,46257.0,3,1,1.0,0.9908
BraTS-GLI-02196-100,sustraccion,0.4251,0.2699,46257,92545,,,0.3903,146.1189,4.2114,1,4.0,large|multifocal|far_rc,large,multifocal,far_rc,1,46257.0,3,1,1.0,0.9908
BraTS-GLI-02196-100,gmm_2d,0.3313,0.1985,46257,212699,,,9.3093,146.1189,4.2114,1,4.0,large|multifocal|far_rc,large,multifocal,far_rc,1,46257.0,3,1,1.0,0.9908
BraTS-GLI-02196-100,variational_spline,0.0573,0.0295,46257,17410,collapse-detected,empty_prediction,127.8485,146.1189,4.2114,1,4.0,large|multifocal|far_rc,large,multifocal,far_rc,1,46257.0,3,1,1.0,0.9908
BraTS-GLI-02198-101,otsu_T1c,0.0,0.0,0,696896,,,0.2708,109.3698,77.7589,1,0.0,absent|unifocal|no_rc,absent,unifocal,no_rc,0,0.0,0,1,,
BraTS-GLI-02198-101,gmm_T1c,0.0,0.0,0,893152,,,8.3279,109.3698,77.7589,1,0.0,absent|unifocal|no_rc,absent,unifocal,no_rc,0,0.0,0,1,,
BraTS-GLI-02198-101,sustraccion,0.0,0.0,0,66627,,,0.2443,109.3698,77.7589,1,0.0,absent|unifocal|no_rc,absent,unifocal,no_rc,0,0.0,0,1,,
BraTS-GLI-02198-101,gmm_2d,0.0,0.0,0,71557,,,21.1237,109.3698,77.7589,1,0.0,absent|unifocal|no_rc,absent,unifocal,no_rc,0,0.0,0,1,,
BraTS-GLI-02198-101,variational_spline,0.0,0.0,0,167058,evolved,accepted,1.6442,109.3698,77.7589,1,0.0,absent|unifocal|no_rc,absent,unifocal,no_rc,0,0.0,0,1,,
BraTS-GLI-02205-100,otsu_T1c,0.0,0.0,0,12073,,,0.7278,70.3633,6.0045,1,1.0,absent|unifocal|no_rc,absent,unifocal,no_rc,0,0.0,0,1,,
BraTS-GLI-02205-100,gmm_T1c,0.0,0.0,0,13371,,,5.1895,70.3633,6.0045,1,1.0,absent|unifocal|no_rc,absent,unifocal,no_rc,0,0.0,0,1,,
BraTS-GLI-02205-100,sustraccion,0.0,0.0,0,110425,,,0.4055,70.3633,6.0045,1,1.0,absent|unifocal|no_rc,absent,unifocal,no_rc,0,0.0,0,1,,
BraTS-GLI-02205-100,gmm_2d,0.0,0.0,0,802975,,,8.4399,70.3633,6.0045,1,1.0,absent|unifocal|no_rc,absent,unifocal,no_rc,0,0.0,0,1,,
BraTS-GLI-02205-100,variational_spline,0.0,0.0,0,13371,collapse-detected,empty_prediction,49.5961,70.3633,6.0045,1,1.0,absent|unifocal|no_rc,absent,unifocal,no_rc,0,0.0,0,1,,
BraTS-GLI-02206-104,otsu_T1c,0.0,0.0,0,687810,,,0.2729,32.7089,20.727,1,4.0,absent|unifocal|no_rc,absent,unifocal,no_rc,0,0.0,0,1,,
BraTS-GLI-02206-104,gmm_T1c,0.0,0.0,0,1180551,,,5.5288,32.7089,20.727,1,4.0,absent|unifocal|no_rc,absent,unifocal,no_rc,0,0.0,0,1,,
BraTS-GLI-02206-104,sustraccion,0.0,0.0,0,86466,,,0.2225,32.7089,20.727,1,4.0,absent|unifocal|no_rc,absent,unifocal,no_rc,0,0.0,0,1,,
BraTS-GLI-02206-104,gmm_2d,0.0,0.0,0,116453,,,5.5674,32.7089,20.727,1,4.0,absent|unifocal|no_rc,absent,unifocal,no_rc,0,0.0,0,1,,
BraTS-GLI-02206-104,variational_spline,0.0,0.0,0,193773,evolved,accepted,0.3902,32.7089,20.727,1,4.0,absent|unifocal|no_rc,absent,unifocal,no_rc,0,0.0,0,1,,
BraTS-GLI-02208-100,otsu_T1c,0.0,0.0,0,13772,,,0.2578,17.4596,4.9619,1,0.0,absent|unifocal|no_rc,absent,unifocal,no_rc,0,0.0,0,0,,
BraTS-GLI-02208-100,gmm_T1c,0.0,0.0,0,19990,,,4.3465,17.4596,4.9619,1,0.0,absent|unifocal|no_rc,absent,unifocal,no_rc,0,0.0,0,0,,
BraTS-GLI-02208-100,sustraccion,0.0,0.0,0,76915,,,0.2283,17.4596,4.9619,1,0.0,absent|unifocal|no_rc,absent,unifocal,no_rc,0,0.0,0,0,,
BraTS-GLI-02208-100,gmm_2d,0.0,0.0,0,150402,,,7.3435,17.4596,4.9619,1,0.0,absent|unifocal|no_rc,absent,unifocal,no_rc,0,0.0,0,0,,
BraTS-GLI-02208-100,variational_spline,0.0,0.0,0,19993,ROI-fallback,final_equals_init_no_collapse,0.3216,17.4596,4.9619,1,0.0,absent|unifocal|no_rc,absent,unifocal,no_rc,0,0.0,0,0,,
BraTS-GLI-02216-100,otsu_T1c,0.0,0.0,4202,7148,,,0.2655,35.1461,3.7464,1,1.0,medium|multifocal|far_rc,medium,multifocal,far_rc,1,4202.0,2,1,1.0,0.9973
BraTS-GLI-02216-100,gmm_T1c,0.0198,0.01,4202,9671,,,3.1673,35.1461,3.7464,1,1.0,medium|multifocal|far_rc,medium,multifocal,far_rc,1,4202.0,2,1,1.0,0.9973
BraTS-GLI-02216-100,sustraccion,0.0385,0.0197,4202,78915,,,0.2291,35.1461,3.7464,1,1.0,medium|multifocal|far_rc,medium,multifocal,far_rc,1,4202.0,2,1,1.0,0.9973
BraTS-GLI-02216-100,gmm_2d,0.0381,0.0194,4202,93214,,,8.4598,35.1461,3.7464,1,1.0,medium|multifocal|far_rc,medium,multifocal,far_rc,1,4202.0,2,1,1.0,0.9973
BraTS-GLI-02216-100,variational_spline,0.0198,0.01,4202,9671,collapse-detected,empty_prediction,19.278,35.1461,3.7464,1,1.0,medium|multifocal|far_rc,medium,multifocal,far_rc,1,4202.0,2,1,1.0,0.9973
BraTS-GLI-02217-100,otsu_T1c,0.0,0.0,2,7517,,,0.2325,32.3275,3.7624,1,4.0,small|unifocal|no_rc,small,unifocal,no_rc,1,2.0,1,0,,1.0
BraTS-GLI-02217-100,gmm_T1c,0.0,0.0,2,6441,,,3.1003,32.3275,3.7624,1,4.0,small|unifocal|no_rc,small,unifocal,no_rc,1,2.0,1,0,,1.0
BraTS-GLI-02217-100,sustraccion,0.0001,0.0,2,67586,,,0.2277,32.3275,3.7624,1,4.0,small|unifocal|no_rc,small,unifocal,no_rc,1,2.0,1,0,,1.0
BraTS-GLI-02217-100,gmm_2d,0.0,0.0,2,70200,,,7.1191,32.3275,3.7624,1,4.0,small|unifocal|no_rc,small,unifocal,no_rc,1,2.0,1,0,,1.0
BraTS-GLI-02217-100,variational_spline,0.0,0.0,2,6441,collapse-detected,empty_prediction,17.8854,32.3275,3.7624,1,4.0,small|unifocal|no_rc,small,unifocal,no_rc,1,2.0,1,0,,1.0
BraTS-GLI-02220-102,otsu_T1c,0.0,0.0,0,454265,,,0.2379,33.6415,17.9494,1,2.0,absent|unifocal|no_rc,absent,unifocal,no_rc,0,0.0,0,1,,
BraTS-GLI-02220-102,gmm_T1c,0.0,0.0,0,1046839,,,6.0035,33.6415,17.9494,1,2.0,absent|unifocal|no_rc,absent,unifocal,no_rc,0,0.0,0,1,,
BraTS-GLI-02220-102,sustraccion,0.0,0.0,0,53831,,,0.2233,33.6415,17.9494,1,2.0,absent|unifocal|no_rc,absent,unifocal,no_rc,0,0.0,0,1,,
BraTS-GLI-02220-102,gmm_2d,0.0,0.0,0,74455,,,8.7853,33.6415,17.9494,1,2.0,absent|unifocal|no_rc,absent,unifocal,no_rc,0,0.0,0,1,,
BraTS-GLI-02220-102,variational_spline,0.0,0.0,0,151459,evolved,accepted,0.4421,33.6415,17.9494,1,2.0,absent|unifocal|no_rc,absent,unifocal,no_rc,0,0.0,0,1,,
BraTS-GLI-02221-100,otsu_T1c,0.0,0.0,6451,14781,,,0.2423,59.7703,3.0924,1,2.0,medium|multifocal|no_rc,medium,multifocal,no_rc,1,6451.0,2,0,,1.0
BraTS-GLI-02221-100,gmm_T1c,0.0,0.0,6451,16525,,,2.4278,59.7703,3.0924,1,2.0,medium|multifocal|no_rc,medium,multifocal,no_rc,1,6451.0,2,0,,1.0
BraTS-GLI-02221-100,sustraccion,0.0875,0.0458,6451,71448,,,0.2336,59.7703,3.0924,1,2.0,medium|multifocal|no_rc,medium,multifocal,no_rc,1,6451.0,2,0,,1.0
BraTS-GLI-02221-100,gmm_2d,0.1262,0.0673,6451,77458,,,10.6292,59.7703,3.0924,1,2.0,medium|multifocal|no_rc,medium,multifocal,no_rc,1,6451.0,2,0,,1.0
BraTS-GLI-02221-100,variational_spline,0.0,0.0,6451,16533,collapse-detected,empty_prediction,43.145,59.7703,3.0924,1,2.0,medium|multifocal|no_rc,medium,multifocal,no_rc,1,6451.0,2,0,,1.0
BraTS-GLI-02227-100,otsu_T1c,0.0,0.0,0,7462,,,0.2475,28.7636,1.9979,1,1.0,absent|unifocal|no_rc,absent,unifocal,no_rc,0,0.0,0,1,,
BraTS-GLI-02227-100,gmm_T1c,0.0,0.0,0,7234,,,1.3734,28.7636,1.9979,1,1.0,absent|unifocal|no_rc,absent,unifocal,no_rc,0,0.0,0,1,,
BraTS-GLI-02227-100,sustraccion,0.0,0.0,0,68235,,,0.2237,28.7636,1.9979,1,1.0,absent|unifocal|no_rc,absent,unifocal,no_rc,0,0.0,0,1,,
BraTS-GLI-02227-100,gmm_2d,0.0,0.0,0,87608,,,4.2894,28.7636,1.9979,1,1.0,absent|unifocal|no_rc,absent,unifocal,no_rc,0,0.0,0,1,,
BraTS-GLI-02227-100,variational_spline,0.0,0.0,0,7234,collapse-detected,empty_prediction,20.6317,28.7636,1.9979,1,1.0,absent|unifocal|no_rc,absent,unifocal,no_rc,0,0.0,0,1,,
BraTS-GLI-02229-100,otsu_T1c,0.0,0.0,0,13528,,,0.2359,53.7814,4.9354,1,4.0,absent|unifocal|no_rc,absent,unifocal,no_rc,0,0.0,0,1,,
BraTS-GLI-02229-100,gmm_T1c,0.0,0.0,0,14117,,,4.1714,53.7814,4.9354,1,4.0,absent|unifocal|no_rc,absent,unifocal,no_rc,0,0.0,0,1,,
BraTS-GLI-02229-100,sustraccion,0.0,0.0,0,77112,,,0.2325,53.7814,4.9354,1,4.0,absent|unifocal|no_rc,absent,unifocal,no_rc,0,0.0,0,1,,
BraTS-GLI-02229-100,gmm_2d,0.0,0.0,0,148186,,,6.9731,53.7814,4.9354,1,4.0,absent|unifocal|no_rc,absent,unifocal,no_rc,0,0.0,0,1,,
BraTS-GLI-02229-100,variational_spline,0.0,0.0,0,14118,collapse-detected,empty_prediction,37.2332,53.7814,4.9354,1,4.0,absent|unifocal|no_rc,absent,unifocal,no_rc,0,0.0,0,1,,
BraTS-GLI-02230-100,otsu_T1c,0.0,0.0,0,7981,,,0.2294,27.0328,17.2176,1,2.0,absent|unifocal|no_rc,absent,unifocal,no_rc,0,0.0,0,1,,
BraTS-GLI-02230-100,gmm_T1c,0.0,0.0,0,1152995,,,3.8725,27.0328,17.2176,1,2.0,absent|unifocal|no_rc,absent,unifocal,no_rc,0,0.0,0,1,,
BraTS-GLI-02230-100,sustraccion,0.0,0.0,0,73128,,,0.2253,27.0328,17.2176,1,2.0,absent|unifocal|no_rc,absent,unifocal,no_rc,0,0.0,0,1,,
BraTS-GLI-02230-100,gmm_2d,0.0,0.0,0,93089,,,5.0991,27.0328,17.2176,1,2.0,absent|unifocal|no_rc,absent,unifocal,no_rc,0,0.0,0,1,,
BraTS-GLI-02230-100,variational_spline,0.0,0.0,0,184551,evolved,accepted,0.3889,27.0328,17.2176,1,2.0,absent|unifocal|no_rc,absent,unifocal,no_rc,0,0.0,0,1,,
BraTS-GLI-02238-102,otsu_T1c,0.0,0.0,26,10849,,,0.2277,45.9599,2.1148,1,4.0,small|unifocal|far_rc,small,unifocal,far_rc,1,26.0,1,1,1.0,1.0
BraTS-GLI-02238-102,gmm_T1c,0.0,0.0,26,10634,,,1.4693,45.9599,2.1148,1,4.0,small|unifocal|far_rc,small,unifocal,far_rc,1,26.0,1,1,1.0,1.0
BraTS-GLI-02238-102,sustraccion,0.0,0.0,26,81434,,,0.2239,45.9599,2.1148,1,4.0,small|unifocal|far_rc,small,unifocal,far_rc,1,26.0,1,1,1.0,1.0
BraTS-GLI-02238-102,gmm_2d,0.0003,0.0001,26,168267,,,5.6915,45.9599,2.1148,1,4.0,small|unifocal|far_rc,small,unifocal,far_rc,1,26.0,1,1,1.0,1.0
BraTS-GLI-02238-102,variational_spline,0.0,0.0,26,10636,collapse-detected,empty_prediction,36.2327,45.9599,2.1148,1,4.0,small|unifocal|far_rc,small,unifocal,far_rc,1,26.0,1,1,1.0,1.0
BraTS-GLI-02243-101,otsu_T1c,0.0,0.0,2,9214,,,0.2379,38.5143,2.1367,1,0.0,small|unifocal|far_rc,small,unifocal,far_rc,1,2.0,1,1,1.0,1.0
BraTS-GLI-02243-101,gmm_T1c,0.0,0.0,2,10263,,,1.5803,38.5143,2.1367,1,0.0,small|unifocal|far_rc,small,unifocal,far_rc,1,2.0,1,1,1.0,1.0
BraTS-GLI-02243-101,sustraccion,0.0,0.0,2,85396,,,0.2316,38.5143,2.1367,1,0.0,small|unifocal|far_rc,small,unifocal,far_rc,1,2.0,1,1,1.0,1.0
BraTS-GLI-02243-101,gmm_2d,0.0,0.0,2,121420,,,5.4905,38.5143,2.1367,1,0.0,small|unifocal|far_rc,small,unifocal,far_rc,1,2.0,1,1,1.0,1.0
BraTS-GLI-02243-101,variational_spline,0.0,0.0,2,10263,collapse-detected,empty_prediction,28.8373,38.5143,2.1367,1,0.0,small|unifocal|far_rc,small,unifocal,far_rc,1,2.0,1,1,1.0,1.0
BraTS-GLI-02245-100,otsu_T1c,0.0,0.0,0,18535,,,0.2687,17.8216,4.5529,1,2.0,absent|unifocal|no_rc,absent,unifocal,no_rc,0,0.0,0,1,,
BraTS-GLI-02245-100,gmm_T1c,0.0,0.0,0,19865,,,3.887,17.8216,4.5529,1,2.0,absent|unifocal|no_rc,absent,unifocal,no_rc,0,0.0,0,1,,
BraTS-GLI-02245-100,sustraccion,0.0,0.0,0,52092,,,0.2221,17.8216,4.5529,1,2.0,absent|unifocal|no_rc,absent,unifocal,no_rc,0,0.0,0,1,,
BraTS-GLI-02245-100,gmm_2d,0.0,0.0,0,177358,,,8.5668,17.8216,4.5529,1,2.0,absent|unifocal|no_rc,absent,unifocal,no_rc,0,0.0,0,1,,
BraTS-GLI-02245-100,variational_spline,0.0,0.0,0,19868,ROI-fallback,final_equals_init_no_collapse,0.324,17.8216,4.5529,1,2.0,absent|unifocal|no_rc,absent,unifocal,no_rc,0,0.0,0,1,,
BraTS-GLI-02245-103,otsu_T1c,0.0,0.0,1089,12908,,,0.2561,50.3365,2.3124,1,2.0,small|multifocal|far_rc,small,multifocal,far_rc,1,1089.0,3,1,1.0,1.0
BraTS-GLI-02245-103,gmm_T1c,0.0446,0.0228,1089,14309,,,1.7351,50.3365,2.3124,1,2.0,small|multifocal|far_rc,small,multifocal,far_rc,1,1089.0,3,1,1.0,1.0
BraTS-GLI-02245-103,sustraccion,0.0213,0.0108,1089,74106,,,0.2342,50.3365,2.3124,1,2.0,small|multifocal|far_rc,small,multifocal,far_rc,1,1089.0,3,1,1.0,1.0
BraTS-GLI-02245-103,gmm_2d,0.0178,0.009,1089,114493,,,5.9068,50.3365,2.3124,1,2.0,small|multifocal|far_rc,small,multifocal,far_rc,1,1089.0,3,1,1.0,1.0
BraTS-GLI-02245-103,variational_spline,0.0445,0.0228,1089,14312,collapse-detected,empty_prediction,39.8918,50.3365,2.3124,1,2.0,small|multifocal|far_rc,small,multifocal,far_rc,1,1089.0,3,1,1.0,1.0
BraTS-GLI-02247-100,otsu_T1c,0.0,0.0,8,18791,,,0.2553,14.4717,4.8764,1,2.0,small|unifocal|far_rc,small,unifocal,far_rc,1,8.0,1,1,1.0,1.0
BraTS-GLI-02247-100,gmm_T1c,0.0,0.0,8,21386,,,4.2417,14.4717,4.8764,1,2.0,small|unifocal|far_rc,small,unifocal,far_rc,1,8.0,1,1,1.0,1.0
BraTS-GLI-02247-100,sustraccion,0.0,0.0,8,119972,,,0.2255,14.4717,4.8764,1,2.0,small|unifocal|far_rc,small,unifocal,far_rc,1,8.0,1,1,1.0,1.0
BraTS-GLI-02247-100,gmm_2d,0.0,0.0,8,1036679,,,4.5492,14.4717,4.8764,1,2.0,small|unifocal|far_rc,small,unifocal,far_rc,1,8.0,1,1,1.0,1.0
BraTS-GLI-02247-100,variational_spline,0.0,0.0,8,21345,evolved,accepted,0.3235,14.4717,4.8764,1,2.0,small|unifocal|far_rc,small,unifocal,far_rc,1,8.0,1,1,1.0,1.0
BraTS-GLI-02247-103,otsu_T1c,0.0,0.0,18,10611,,,0.2684,28.5539,18.6365,1,2.0,small|unifocal|far_rc,small,unifocal,far_rc,1,18.0,1,1,1.0,1.0
BraTS-GLI-02247-103,gmm_T1c,0.0,0.0,18,1249231,,,4.5629,28.5539,18.6365,1,2.0,small|unifocal|far_rc,small,unifocal,far_rc,1,18.0,1,1,1.0,1.0
BraTS-GLI-02247-103,sustraccion,0.0,0.0,18,73118,,,0.2295,28.5539,18.6365,1,2.0,small|unifocal|far_rc,small,unifocal,far_rc,1,18.0,1,1,1.0,1.0
BraTS-GLI-02247-103,gmm_2d,0.0,0.0,18,79417,,,4.4625,28.5539,18.6365,1,2.0,small|unifocal|far_rc,small,unifocal,far_rc,1,18.0,1,1,1.0,1.0
BraTS-GLI-02247-103,variational_spline,0.0,0.0,18,173580,evolved,accepted,0.3941,28.5539,18.6365,1,2.0,small|unifocal|far_rc,small,unifocal,far_rc,1,18.0,1,1,1.0,1.0
BraTS-GLI-02248-102,otsu_T1c,0.0,0.0,0,11100,,,0.2581,40.1367,2.8033,1,0.0,absent|unifocal|no_rc,absent,unifocal,no_rc,0,0.0,0,1,,
BraTS-GLI-02248-102,gmm_T1c,0.0,0.0,0,12388,,,2.2306,40.1367,2.8033,1,0.0,absent|unifocal|no_rc,absent,unifocal,no_rc,0,0.0,0,1,,
BraTS-GLI-02248-102,sustraccion,0.0,0.0,0,65089,,,0.2535,40.1367,2.8033,1,0.0,absent|unifocal|no_rc,absent,unifocal,no_rc,0,0.0,0,1,,
BraTS-GLI-02248-102,gmm_2d,0.0,0.0,0,123514,,,5.8981,40.1367,2.8033,1,0.0,absent|unifocal|no_rc,absent,unifocal,no_rc,0,0.0,0,1,,
BraTS-GLI-02248-102,variational_spline,0.0,0.0,0,12388,collapse-detected,empty_prediction,28.6931,40.1367,2.8033,1,0.0,absent|unifocal|no_rc,absent,unifocal,no_rc,0,0.0,0,1,,
BraTS-GLI-02285-100,otsu_T1c,0.0,0.0,8920,14772,,,0.2683,51.5596,2.7764,1,0.0,medium|multifocal|far_rc,medium,multifocal,far_rc,1,8920.0,2,1,1.0,0.9975
BraTS-GLI-02285-100,gmm_T1c,0.0116,0.0058,8920,21811,,,2.2024,51.5596,2.7764,1,0.0,medium|multifocal|far_rc,medium,multifocal,far_rc,1,8920.0,2,1,1.0,0.9975
BraTS-GLI-02285-100,sustraccion,0.1605,0.0872,8920,79173,,,0.2563,51.5596,2.7764,1,0.0,medium|multifocal|far_rc,medium,multifocal,far_rc,1,8920.0,2,1,1.0,0.9975
BraTS-GLI-02285-100,gmm_2d,0.0347,0.0177,8920,137655,,,10.0237,51.5596,2.7764,1,0.0,medium|multifocal|far_rc,medium,multifocal,far_rc,1,8920.0,2,1,1.0,0.9975
BraTS-GLI-02285-100,variational_spline,0.0116,0.0058,8920,21816,collapse-detected,empty_prediction,36.0325,51.5596,2.7764,1,0.0,medium|multifocal|far_rc,medium,multifocal,far_rc,1,8920.0,2,1,1.0,0.9975
BraTS-GLI-02300-101,otsu_T1c,0.0,0.0,12673,15208,,,0.2654,54.2837,3.4179,1,1.0,large|unifocal|far_rc,large,unifocal,far_rc,1,12673.0,1,1,1.0,1.0
BraTS-GLI-02300-101,gmm_T1c,0.0,0.0,12673,22582,,,2.7575,54.2837,3.4179,1,1.0,large|unifocal|far_rc,large,unifocal,far_rc,1,12673.0,1,1,1.0,1.0
BraTS-GLI-02300-101,sustraccion,0.2477,0.1414,12673,80214,,,0.2189,54.2837,3.4179,1,1.0,large|unifocal|far_rc,large,unifocal,far_rc,1,12673.0,1,1,1.0,1.0
BraTS-GLI-02300-101,gmm_2d,0.0216,0.0109,12673,197943,,,10.653,54.2837,3.4179,1,1.0,large|unifocal|far_rc,large,unifocal,far_rc,1,12673.0,1,1,1.0,1.0
BraTS-GLI-02300-101,variational_spline,0.0,0.0,12673,22584,collapse-detected,empty_prediction,36.9708,54.2837,3.4179,1,1.0,large|unifocal|far_rc,large,unifocal,far_rc,1,12673.0,1,1,1.0,1.0
BraTS-GLI-02306-100,otsu_T1c,0.8167,0.6902,31760,22101,,,0.2751,28.4667,3.4556,1,3.0,large|unifocal|no_rc,large,unifocal,no_rc,1,31760.0,1,0,,1.0
BraTS-GLI-02306-100,gmm_T1c,0.8615,0.7567,31760,35197,,,3.0189,28.4667,3.4556,1,3.0,large|unifocal|no_rc,large,unifocal,no_rc,1,31760.0,1,0,,1.0
BraTS-GLI-02306-100,sustraccion,0.453,0.2928,31760,102451,,,0.2255,28.4667,3.4556,1,3.0,large|unifocal|no_rc,large,unifocal,no_rc,1,31760.0,1,0,,1.0
BraTS-GLI-02306-100,gmm_2d,0.0272,0.0138,31760,245111,,,10.0633,28.4667,3.4556,1,3.0,large|unifocal|no_rc,large,unifocal,no_rc,1,31760.0,1,0,,1.0
BraTS-GLI-02306-100,variational_spline,0.8533,0.7442,31760,26502,evolved,accepted,11.4284,28.4667,3.4556,1,3.0,large|unifocal|no_rc,large,unifocal,no_rc,1,31760.0,1,0,,1.0
BraTS-GLI-02307-101,otsu_T1c,0.0,0.0,10974,20090,,,0.272,63.6572,3.3696,1,4.0,medium|multifocal|far_rc,medium,multifocal,far_rc,1,10974.0,7,1,1.0,1.0
BraTS-GLI-02307-101,gmm_T1c,0.0011,0.0005,10974,29882,,,2.8803,63.6572,3.3696,1,4.0,medium|multifocal|far_rc,medium,multifocal,far_rc,1,10974.0,7,1,1.0,1.0
BraTS-GLI-02307-101,sustraccion,0.1225,0.0653,10974,100070,,,0.2197,63.6572,3.3696,1,4.0,medium|multifocal|far_rc,medium,multifocal,far_rc,1,10974.0,7,1,1.0,1.0
BraTS-GLI-02307-101,gmm_2d,0.0718,0.0373,10974,290166,,,7.9426,63.6572,3.3696,1,4.0,medium|multifocal|far_rc,medium,multifocal,far_rc,1,10974.0,7,1,1.0,1.0
BraTS-GLI-02307-101,variational_spline,0.0011,0.0005,10974,29882,collapse-detected,collapsed_small,48.9731,63.6572,3.3696,1,4.0,medium|multifocal|far_rc,medium,multifocal,far_rc,1,10974.0,7,1,1.0,1.0
BraTS-GLI-02344-100,otsu_T1c,0.0,0.0,5435,16642,,,0.2309,56.6983,2.558,1,0.0,medium|unifocal|no_rc,medium,unifocal,no_rc,1,5435.0,1,0,,1.0
BraTS-GLI-02344-100,gmm_T1c,0.0,0.0,5435,23601,,,1.8967,56.6983,2.558,1,0.0,medium|unifocal|no_rc,medium,unifocal,no_rc,1,5435.0,1,0,,1.0
BraTS-GLI-02344-100,sustraccion,0.1351,0.0725,5435,72366,,,0.2255,56.6983,2.558,1,0.0,medium|unifocal|no_rc,medium,unifocal,no_rc,1,5435.0,1,0,,1.0
BraTS-GLI-02344-100,gmm_2d,0.1439,0.0775,5435,41975,,,5.9101,56.6983,2.558,1,0.0,medium|unifocal|no_rc,medium,unifocal,no_rc,1,5435.0,1,0,,1.0
BraTS-GLI-02344-100,variational_spline,0.0,0.0,5435,23604,collapse-detected,empty_prediction,45.8772,56.6983,2.558,1,0.0,medium|unifocal|no_rc,medium,unifocal,no_rc,1,5435.0,1,0,,1.0
BraTS-GLI-02382-100,otsu_T1c,0.6972,0.5352,23526,15158,,,0.2451,48.963,3.2342,1,4.0,large|multifocal|far_rc,large,multifocal,far_rc,1,23526.0,3,1,1.0,1.0
BraTS-GLI-02382-100,gmm_T1c,0.5475,0.377,23526,45390,,,2.5646,48.963,3.2342,1,4.0,large|multifocal|far_rc,large,multifocal,far_rc,1,23526.0,3,1,1.0,1.0
BraTS-GLI-02382-100,sustraccion,0.3656,0.2237,23526,97529,,,0.2235,48.963,3.2342,1,4.0,large|multifocal|far_rc,large,multifocal,far_rc,1,23526.0,3,1,1.0,1.0
BraTS-GLI-02382-100,gmm_2d,0.0254,0.0129,23526,258555,,,11.2567,48.963,3.2342,1,4.0,large|multifocal|far_rc,large,multifocal,far_rc,1,23526.0,3,1,1.0,1.0
BraTS-GLI-02382-100,variational_spline,0.5494,0.3788,23526,45555,collapse-detected,collapsed_small,31.4389,48.963,3.2342,1,4.0,large|multifocal|far_rc,large,multifocal,far_rc,1,23526.0,3,1,1.0,1.0
BraTS-GLI-02498-101,otsu_T1c,0.0009,0.0005,404,838142,,,0.2797,36.6523,16.2366,1,2.0,small|multifocal|far_rc,small,multifocal,far_rc,1,404.0,4,1,1.0,1.0
BraTS-GLI-02498-101,gmm_T1c,0.0001,0.0001,404,1308551,,,9.2193,36.6523,16.2366,1,2.0,small|multifocal|far_rc,small,multifocal,far_rc,1,404.0,4,1,1.0,1.0
BraTS-GLI-02498-101,sustraccion,0.0028,0.0014,404,129960,,,0.2374,36.6523,16.2366,1,2.0,small|multifocal|far_rc,small,multifocal,far_rc,1,404.0,4,1,1.0,1.0
BraTS-GLI-02498-101,gmm_2d,0.0041,0.0021,404,154166,,,10.3621,36.6523,16.2366,1,2.0,small|multifocal|far_rc,small,multifocal,far_rc,1,404.0,4,1,1.0,1.0
BraTS-GLI-02498-101,variational_spline,0.002,0.001,404,246259,evolved,accepted,0.3171,36.6523,16.2366,1,2.0,small|multifocal|far_rc,small,multifocal,far_rc,1,404.0,4,1,1.0,1.0
BraTS-GLI-02549-102,otsu_T1c,0.0126,0.0063,4065,536503,,,0.2709,25.8288,12.1267,1,2.0,medium|unifocal|far_rc,medium,unifocal,far_rc,1,4065.0,1,1,1.0,0.9131
BraTS-GLI-02549-102,gmm_T1c,0.0117,0.0059,4065,602545,,,2.575,25.8288,12.1267,1,2.0,medium|unifocal|far_rc,medium,unifocal,far_rc,1,4065.0,1,1,1.0,0.9131
BraTS-GLI-02549-102,sustraccion,0.1135,0.0602,4065,63732,,,0.2237,25.8288,12.1267,1,2.0,medium|unifocal|far_rc,medium,unifocal,far_rc,1,4065.0,1,1,1.0,0.9131
BraTS-GLI-02549-102,gmm_2d,0.1081,0.0571,4065,68443,,,10.2173,25.8288,12.1267,1,2.0,medium|unifocal|far_rc,medium,unifocal,far_rc,1,4065.0,1,1,1.0,0.9131
BraTS-GLI-02549-102,variational_spline,0.0557,0.0287,4065,140277,evolved,accepted,0.4152,25.8288,12.1267,1,2.0,medium|unifocal|far_rc,medium,unifocal,far_rc,1,4065.0,1,1,1.0,0.9131
BraTS-GLI-02553-101,otsu_T1c,0.0763,0.0396,21553,16783,,,0.2657,33.3818,2.2046,1,3.0,large|multifocal|far_rc,large,multifocal,far_rc,1,21553.0,2,1,1.0,0.9529
BraTS-GLI-02553-101,gmm_T1c,0.1347,0.0722,21553,20003,,,1.6637,33.3818,2.2046,1,3.0,large|multifocal|far_rc,large,multifocal,far_rc,1,21553.0,2,1,1.0,0.9529
BraTS-GLI-02553-101,sustraccion,0.3578,0.2179,21553,78974,,,0.2245,33.3818,2.2046,1,3.0,large|multifocal|far_rc,large,multifocal,far_rc,1,21553.0,2,1,1.0,0.9529
BraTS-GLI-02553-101,gmm_2d,0.2453,0.1398,21553,152727,,,12.4786,33.3818,2.2046,1,3.0,large|multifocal|far_rc,large,multifocal,far_rc,1,21553.0,2,1,1.0,0.9529
BraTS-GLI-02553-101,variational_spline,0.1346,0.0722,21553,20009,collapse-detected,empty_prediction,16.5447,33.3818,2.2046,1,3.0,large|multifocal|far_rc,large,multifocal,far_rc,1,21553.0,2,1,1.0,0.9529
BraTS-GLI-02558-101,otsu_T1c,0.0168,0.0085,4525,476803,,,0.2726,23.1246,3.7737,1,2.0,medium|multifocal|far_rc,medium,multifocal,far_rc,1,4525.0,7,1,1.0,0.9799
BraTS-GLI-02558-101,gmm_T1c,0.091,0.0477,4525,4530,,,2.5614,23.1246,3.7737,1,2.0,medium|multifocal|far_rc,medium,multifocal,far_rc,1,4525.0,7,1,1.0,0.9799
BraTS-GLI-02558-101,sustraccion,0.0915,0.048,4525,49921,,,0.2219,23.1246,3.7737,1,2.0,medium|multifocal|far_rc,medium,multifocal,far_rc,1,4525.0,7,1,1.0,0.9799
BraTS-GLI-02558-101,gmm_2d,0.0791,0.0412,4525,95743,,,6.6473,23.1246,3.7737,1,2.0,medium|multifocal|far_rc,medium,multifocal,far_rc,1,4525.0,7,1,1.0,0.9799
BraTS-GLI-02558-101,variational_spline,0.091,0.0477,4525,4530,collapse-detected,empty_prediction,9.6476,23.1246,3.7737,1,2.0,medium|multifocal|far_rc,medium,multifocal,far_rc,1,4525.0,7,1,1.0,0.9799
BraTS-GLI-02561-101,otsu_T1c,0.0,0.0,299,10684,,,0.9856,21.4677,1.9648,1,2.0,small|unifocal|far_rc,small,unifocal,far_rc,1,299.0,1,1,1.0,1.0
BraTS-GLI-02561-101,gmm_T1c,0.0,0.0,299,11968,,,1.7487,21.4677,1.9648,1,2.0,small|unifocal|far_rc,small,unifocal,far_rc,1,299.0,1,1,1.0,1.0
BraTS-GLI-02561-101,sustraccion,0.0099,0.005,299,60182,,,0.2386,21.4677,1.9648,1,2.0,small|unifocal|far_rc,small,unifocal,far_rc,1,299.0,1,1,1.0,1.0
BraTS-GLI-02561-101,gmm_2d,0.0075,0.0037,299,79805,,,4.1199,21.4677,1.9648,1,2.0,small|unifocal|far_rc,small,unifocal,far_rc,1,299.0,1,1,1.0,1.0
BraTS-GLI-02561-101,variational_spline,0.0,0.0,299,11969,collapse-detected,empty_prediction,12.4101,21.4677,1.9648,1,2.0,small|unifocal|far_rc,small,unifocal,far_rc,1,299.0,1,1,1.0,1.0
BraTS-GLI-02635-100,otsu_T1c,0.0,0.0,0,464359,,,0.2636,66.0382,12.9433,1,4.0,absent|unifocal|no_rc,absent,unifocal,no_rc,0,0.0,0,0,,
BraTS-GLI-02635-100,gmm_T1c,0.0,0.0,0,498518,,,1.6246,66.0382,12.9433,1,4.0,absent|unifocal|no_rc,absent,unifocal,no_rc,0,0.0,0,0,,
BraTS-GLI-02635-100,sustraccion,0.0,0.0,0,57627,,,0.2366,66.0382,12.9433,1,4.0,absent|unifocal|no_rc,absent,unifocal,no_rc,0,0.0,0,0,,
BraTS-GLI-02635-100,gmm_2d,0.0,0.0,0,56855,,,8.6189,66.0382,12.9433,1,4.0,absent|unifocal|no_rc,absent,unifocal,no_rc,0,0.0,0,0,,
BraTS-GLI-02635-100,variational_spline,0.0,0.0,0,142154,collapse-detected,empty_prediction,42.3512,66.0382,12.9433,1,4.0,absent|unifocal|no_rc,absent,unifocal,no_rc,0,0.0,0,0,,
BraTS-GLI-02664-100,otsu_T1c,0.0,0.0,0,578786,,,0.2536,35.7515,3.4294,1,2.0,absent|unifocal|no_rc,absent,unifocal,no_rc,0,0.0,0,1,,
BraTS-GLI-02664-100,gmm_T1c,0.0,0.0,0,10389,,,2.8235,35.7515,3.4294,1,2.0,absent|unifocal|no_rc,absent,unifocal,no_rc,0,0.0,0,1,,
BraTS-GLI-02664-100,sustraccion,0.0,0.0,0,121818,,,0.2245,35.7515,3.4294,1,2.0,absent|unifocal|no_rc,absent,unifocal,no_rc,0,0.0,0,1,,
BraTS-GLI-02664-100,gmm_2d,0.0,0.0,0,118988,,,8.1979,35.7515,3.4294,1,2.0,absent|unifocal|no_rc,absent,unifocal,no_rc,0,0.0,0,1,,
BraTS-GLI-02664-100,variational_spline,0.0,0.0,0,10389,collapse-detected,empty_prediction,20.8227,35.7515,3.4294,1,2.0,absent|unifocal|no_rc,absent,unifocal,no_rc,0,0.0,0,1,,
BraTS-GLI-02699-100,otsu_T1c,0.0,0.0,14387,21372,,,0.2659,67.8188,2.7766,1,2.0,large|multifocal|no_rc,large,multifocal,no_rc,1,14387.0,4,0,,0.9877
BraTS-GLI-02699-100,gmm_T1c,0.2531,0.1449,14387,29113,,,3.1322,67.8188,2.7766,1,2.0,large|multifocal|no_rc,large,multifocal,no_rc,1,14387.0,4,0,,0.9877
BraTS-GLI-02699-100,sustraccion,0.197,0.1093,14387,108675,,,0.2513,67.8188,2.7766,1,2.0,large|multifocal|no_rc,large,multifocal,no_rc,1,14387.0,4,0,,0.9877
BraTS-GLI-02699-100,gmm_2d,0.2096,0.1171,14387,119359,,,9.4382,67.8188,2.7766,1,2.0,large|multifocal|no_rc,large,multifocal,no_rc,1,14387.0,4,0,,0.9877
BraTS-GLI-02699-100,variational_spline,0.253,0.1448,14387,29115,collapse-detected,empty_prediction,51.9547,67.8188,2.7766,1,2.0,large|multifocal|no_rc,large,multifocal,no_rc,1,14387.0,4,0,,0.9877
BraTS-GLI-02701-100,otsu_T1c,0.0,0.0,0,24591,,,0.2423,11.5676,2.8823,1,3.0,absent|unifocal|no_rc,absent,unifocal,no_rc,0,0.0,0,1,,
BraTS-GLI-02701-100,gmm_T1c,0.0,0.0,0,27803,,,2.1933,11.5676,2.8823,1,3.0,absent|unifocal|no_rc,absent,unifocal,no_rc,0,0.0,0,1,,
BraTS-GLI-02701-100,sustraccion,0.0,0.0,0,118798,,,0.2304,11.5676,2.8823,1,3.0,absent|unifocal|no_rc,absent,unifocal,no_rc,0,0.0,0,1,,
BraTS-GLI-02701-100,gmm_2d,0.0,0.0,0,123218,,,5.692,11.5676,2.8823,1,3.0,absent|unifocal|no_rc,absent,unifocal,no_rc,0,0.0,0,1,,
BraTS-GLI-02701-100,variational_spline,0.0,0.0,0,27798,evolved,accepted,0.3272,11.5676,2.8823,1,3.0,absent|unifocal|no_rc,absent,unifocal,no_rc,0,0.0,0,1,,
BraTS-GLI-02744-100,otsu_T1c,0.0,0.0,68,13696,,,0.2645,45.744,3.9782,1,3.0,small|unifocal|far_rc,small,unifocal,far_rc,1,68.0,1,1,1.0,1.0
BraTS-GLI-02744-100,gmm_T1c,0.0,0.0,68,18359,,,3.4682,45.744,3.9782,1,3.0,small|unifocal|far_rc,small,unifocal,far_rc,1,68.0,1,1,1.0,1.0
BraTS-GLI-02744-100,sustraccion,0.0011,0.0006,68,90645,,,0.2282,45.744,3.9782,1,3.0,small|unifocal|far_rc,small,unifocal,far_rc,1,68.0,1,1,1.0,1.0
BraTS-GLI-02744-100,gmm_2d,0.0004,0.0002,68,91370,,,6.7711,45.744,3.9782,1,3.0,small|unifocal|far_rc,small,unifocal,far_rc,1,68.0,1,1,1.0,1.0
BraTS-GLI-02744-100,variational_spline,0.0,0.0,68,18359,collapse-detected,empty_prediction,31.0339,45.744,3.9782,1,3.0,small|unifocal|far_rc,small,unifocal,far_rc,1,68.0,1,1,1.0,1.0
BraTS-GLI-02744-101,otsu_T1c,0.0,0.0,51,9747,,,0.2762,34.6844,2.0959,1,2.0,small|unifocal|far_rc,small,unifocal,far_rc,1,51.0,1,1,1.0,1.0
BraTS-GLI-02744-101,gmm_T1c,0.0,0.0,51,10437,,,1.5779,34.6844,2.0959,1,2.0,small|unifocal|far_rc,small,unifocal,far_rc,1,51.0,1,1,1.0,1.0
BraTS-GLI-02744-101,sustraccion,0.0002,0.0001,51,70571,,,0.2424,34.6844,2.0959,1,2.0,small|unifocal|far_rc,small,unifocal,far_rc,1,51.0,1,1,1.0,1.0
BraTS-GLI-02744-101,gmm_2d,0.0001,0.0,51,406545,,,7.4516,34.6844,2.0959,1,2.0,small|unifocal|far_rc,small,unifocal,far_rc,1,51.0,1,1,1.0,1.0
BraTS-GLI-02744-101,variational_spline,0.0,0.0,51,10438,collapse-detected,empty_prediction,23.0404,34.6844,2.0959,1,2.0,small|unifocal|far_rc,small,unifocal,far_rc,1,51.0,1,1,1.0,1.0
BraTS-GLI-02746-100,otsu_T1c,0.0004,0.0002,120,564641,,,0.2499,41.3775,5.5436,1,0.0,small|unifocal|far_rc,small,unifocal,far_rc,1,120.0,1,1,1.0,1.0
BraTS-GLI-02746-100,gmm_T1c,0.0,0.0,120,15865,,,4.9866,41.3775,5.5436,1,0.0,small|unifocal|far_rc,small,unifocal,far_rc,1,120.0,1,1,1.0,1.0
BraTS-GLI-02746-100,sustraccion,0.0021,0.001,120,115864,,,0.2277,41.3775,5.5436,1,0.0,small|unifocal|far_rc,small,unifocal,far_rc,1,120.0,1,1,1.0,1.0
BraTS-GLI-02746-100,gmm_2d,0.0013,0.0007,120,182549,,,5.7295,41.3775,5.5436,1,0.0,small|unifocal|far_rc,small,unifocal,far_rc,1,120.0,1,1,1.0,1.0
BraTS-GLI-02746-100,variational_spline,0.0,0.0,120,15866,collapse-detected,empty_prediction,24.6402,41.3775,5.5436,1,0.0,small|unifocal|far_rc,small,unifocal,far_rc,1,120.0,1,1,1.0,1.0
BraTS-GLI-02753-100,otsu_T1c,0.002,0.001,6097,20399,,,0.239,10.5577,2.3514,1,3.0,medium|multifocal|far_rc,medium,multifocal,far_rc,1,6097.0,5,1,1.0,0.9963
BraTS-GLI-02753-100,gmm_T1c,0.0021,0.001,6097,19737,,,1.6836,10.5577,2.3514,1,3.0,medium|multifocal|far_rc,medium,multifocal,far_rc,1,6097.0,5,1,1.0,0.9963
BraTS-GLI-02753-100,sustraccion,0.0289,0.0146,6097,102495,,,0.2273,10.5577,2.3514,1,3.0,medium|multifocal|far_rc,medium,multifocal,far_rc,1,6097.0,5,1,1.0,0.9963
BraTS-GLI-02753-100,gmm_2d,0.0149,0.0075,6097,574096,,,5.7219,10.5577,2.3514,1,3.0,medium|multifocal|far_rc,medium,multifocal,far_rc,1,6097.0,5,1,1.0,0.9963
BraTS-GLI-02753-100,variational_spline,0.0021,0.001,6097,19658,evolved,accepted,0.3344,10.5577,2.3514,1,3.0,medium|multifocal|far_rc,medium,multifocal,far_rc,1,6097.0,5,1,1.0,0.9963
BraTS-GLI-02755-101,otsu_T1c,0.0,0.0,705,12591,,,0.2333,59.3565,2.7691,1,3.0,small|multifocal|far_rc,small,multifocal,far_rc,1,705.0,3,1,1.0,1.0
BraTS-GLI-02755-101,gmm_T1c,0.0,0.0,705,21959,,,2.1165,59.3565,2.7691,1,3.0,small|multifocal|far_rc,small,multifocal,far_rc,1,705.0,3,1,1.0,1.0
BraTS-GLI-02755-101,sustraccion,0.0083,0.0042,705,93129,,,0.2258,59.3565,2.7691,1,3.0,small|multifocal|far_rc,small,multifocal,far_rc,1,705.0,3,1,1.0,1.0
BraTS-GLI-02755-101,gmm_2d,0.0081,0.0041,705,54758,,,15.0342,59.3565,2.7691,1,3.0,small|multifocal|far_rc,small,multifocal,far_rc,1,705.0,3,1,1.0,1.0
BraTS-GLI-02755-101,variational_spline,0.0,0.0,705,21959,collapse-detected,empty_prediction,38.9775,59.3565,2.7691,1,3.0,small|multifocal|far_rc,small,multifocal,far_rc,1,705.0,3,1,1.0,1.0
BraTS-GLI-02761-101,otsu_T1c,0.0,0.0,3264,11109,,,0.2288,41.6342,2.48,1,4.0,medium|unifocal|far_rc,medium,unifocal,far_rc,1,3264.0,1,1,1.0,1.0
BraTS-GLI-02761-101,gmm_T1c,0.2947,0.1728,3264,16539,,,1.8234,41.6342,2.48,1,4.0,medium|unifocal|far_rc,medium,unifocal,far_rc,1,3264.0,1,1,1.0,1.0
BraTS-GLI-02761-101,sustraccion,0.078,0.0406,3264,79376,,,0.2194,41.6342,2.48,1,4.0,medium|unifocal|far_rc,medium,unifocal,far_rc,1,3264.0,1,1,1.0,1.0
BraTS-GLI-02761-101,gmm_2d,0.0175,0.0088,3264,49662,,,3.981,41.6342,2.48,1,4.0,medium|unifocal|far_rc,medium,unifocal,far_rc,1,3264.0,1,1,1.0,1.0
BraTS-GLI-02761-101,variational_spline,0.2947,0.1728,3264,16539,collapse-detected,empty_prediction,32.9017,41.6342,2.48,1,4.0,medium|unifocal|far_rc,medium,unifocal,far_rc,1,3264.0,1,1,1.0,1.0
BraTS-GLI-02789-101,otsu_T1c,0.0,0.0,0,13813,,,0.2537,45.4913,2.8267,1,4.0,absent|unifocal|no_rc,absent,unifocal,no_rc,0,0.0,0,1,,
BraTS-GLI-02789-101,gmm_T1c,0.0,0.0,0,15792,,,2.343,45.4913,2.8267,1,4.0,absent|unifocal|no_rc,absent,unifocal,no_rc,0,0.0,0,1,,
BraTS-GLI-02789-101,sustraccion,0.0,0.0,0,8985,,,0.2256,45.4913,2.8267,1,4.0,absent|unifocal|no_rc,absent,unifocal,no_rc,0,0.0,0,1,,
BraTS-GLI-02789-101,gmm_2d,0.0,0.0,0,94636,,,8.7197,45.4913,2.8267,1,4.0,absent|unifocal|no_rc,absent,unifocal,no_rc,0,0.0,0,1,,
BraTS-GLI-02789-101,variational_spline,0.0,0.0,0,15792,collapse-detected,empty_prediction,31.1227,45.4913,2.8267,1,4.0,absent|unifocal|no_rc,absent,unifocal,no_rc,0,0.0,0,1,,
BraTS-GLI-02793-100,otsu_T1c,0.0,0.0,0,19983,,,0.242,50.7857,2.2987,1,4.0,absent|unifocal|no_rc,absent,unifocal,no_rc,0,0.0,0,1,,
BraTS-GLI-02793-100,gmm_T1c,0.0,0.0,0,21010,,,1.7501,50.7857,2.2987,1,4.0,absent|unifocal|no_rc,absent,unifocal,no_rc,0,0.0,0,1,,
BraTS-GLI-02793-100,sustraccion,0.0,0.0,0,115867,,,0.2391,50.7857,2.2987,1,4.0,absent|unifocal|no_rc,absent,unifocal,no_rc,0,0.0,0,1,,
BraTS-GLI-02793-100,gmm_2d,0.0,0.0,0,140733,,,8.7696,50.7857,2.2987,1,4.0,absent|unifocal|no_rc,absent,unifocal,no_rc,0,0.0,0,1,,
BraTS-GLI-02793-100,variational_spline,0.0,0.0,0,21010,collapse-detected,empty_prediction,37.4861,50.7857,2.2987,1,4.0,absent|unifocal|no_rc,absent,unifocal,no_rc,0,0.0,0,1,,
BraTS-GLI-02793-101,otsu_T1c,0.0,0.0,0,16382,,,0.2334,53.4803,2.518,1,3.0,absent|unifocal|no_rc,absent,unifocal,no_rc,0,0.0,0,1,,
BraTS-GLI-02793-101,gmm_T1c,0.0,0.0,0,18837,,,1.869,53.4803,2.518,1,3.0,absent|unifocal|no_rc,absent,unifocal,no_rc,0,0.0,0,1,,
BraTS-GLI-02793-101,sustraccion,0.0,0.0,0,54294,,,0.227,53.4803,2.518,1,3.0,absent|unifocal|no_rc,absent,unifocal,no_rc,0,0.0,0,1,,
BraTS-GLI-02793-101,gmm_2d,0.0,0.0,0,88785,,,9.3861,53.4803,2.518,1,3.0,absent|unifocal|no_rc,absent,unifocal,no_rc,0,0.0,0,1,,
BraTS-GLI-02793-101,variational_spline,0.0,0.0,0,18837,collapse-detected,empty_prediction,39.2467,53.4803,2.518,1,3.0,absent|unifocal|no_rc,absent,unifocal,no_rc,0,0.0,0,1,,
BraTS-GLI-02799-100,otsu_T1c,0.0,0.0,225,14188,,,0.2341,38.803,2.5022,1,0.0,small|multifocal|far_rc,small,multifocal,far_rc,1,225.0,3,1,1.0,1.0
BraTS-GLI-02799-100,gmm_T1c,0.0,0.0,225,14753,,,1.9096,38.803,2.5022,1,0.0,small|multifocal|far_rc,small,multifocal,far_rc,1,225.0,3,1,1.0,1.0
BraTS-GLI-02799-100,sustraccion,0.0019,0.0009,225,70172,,,0.2195,38.803,2.5022,1,0.0,small|multifocal|far_rc,small,multifocal,far_rc,1,225.0,3,1,1.0,1.0
BraTS-GLI-02799-100,gmm_2d,0.0021,0.0011,225,83599,,,5.1405,38.803,2.5022,1,0.0,small|multifocal|far_rc,small,multifocal,far_rc,1,225.0,3,1,1.0,1.0
BraTS-GLI-02799-100,variational_spline,0.0,0.0,225,14753,collapse-detected,empty_prediction,28.7971,38.803,2.5022,1,0.0,small|multifocal|far_rc,small,multifocal,far_rc,1,225.0,3,1,1.0,1.0
BraTS-GLI-02801-100,otsu_T1c,0.4197,0.2656,13195,20565,,,0.2357,46.832,2.7375,1,0.0,large|multifocal|no_rc,large,multifocal,no_rc,1,13195.0,2,0,,1.0
BraTS-GLI-02801-100,gmm_T1c,0.424,0.269,13195,23557,,,2.118,46.832,2.7375,1,0.0,large|multifocal|no_rc,large,multifocal,no_rc,1,13195.0,2,0,,1.0
BraTS-GLI-02801-100,sustraccion,0.1876,0.1035,13195,107302,,,0.2368,46.832,2.7375,1,0.0,large|multifocal|no_rc,large,multifocal,no_rc,1,13195.0,2,0,,1.0
BraTS-GLI-02801-100,gmm_2d,0.2003,0.1113,13195,115032,,,5.1779,46.832,2.7375,1,0.0,large|multifocal|no_rc,large,multifocal,no_rc,1,13195.0,2,0,,1.0
BraTS-GLI-02801-100,variational_spline,0.4247,0.2696,13195,23589,collapse-detected,empty_prediction,36.326,46.832,2.7375,1,0.0,large|multifocal|no_rc,large,multifocal,no_rc,1,13195.0,2,0,,1.0
BraTS-GLI-02801-101,otsu_T1c,0.3597,0.2193,11347,15066,,,0.2331,49.2833,2.2588,1,1.0,large|multifocal|no_rc,large,multifocal,no_rc,1,11347.0,2,0,,1.0
BraTS-GLI-02801-101,gmm_T1c,0.4039,0.2531,11347,18159,,,1.5119,49.2833,2.2588,1,1.0,large|multifocal|no_rc,large,multifocal,no_rc,1,11347.0,2,0,,1.0
BraTS-GLI-02801-101,sustraccion,0.195,0.108,11347,88843,,,0.2342,49.2833,2.2588,1,1.0,large|multifocal|no_rc,large,multifocal,no_rc,1,11347.0,2,0,,1.0
BraTS-GLI-02801-101,gmm_2d,0.1656,0.0903,11347,60763,,,10.6885,49.2833,2.2588,1,1.0,large|multifocal|no_rc,large,multifocal,no_rc,1,11347.0,2,0,,1.0
BraTS-GLI-02801-101,variational_spline,0.4041,0.2532,11347,18164,collapse-detected,empty_prediction,34.3569,49.2833,2.2588,1,1.0,large|multifocal|no_rc,large,multifocal,no_rc,1,11347.0,2,0,,1.0
BraTS-GLI-02808-100,otsu_T1c,0.0,0.0,1211,16020,,,0.3786,47.0899,2.3287,1,4.0,small|unifocal|far_rc,small,unifocal,far_rc,1,1211.0,1,1,1.0,1.0
BraTS-GLI-02808-100,gmm_T1c,0.0,0.0,1211,21100,,,1.706,47.0899,2.3287,1,4.0,small|unifocal|far_rc,small,unifocal,far_rc,1,1211.0,1,1,1.0,1.0
BraTS-GLI-02808-100,sustraccion,0.0045,0.0023,1211,92054,,,0.2308,47.0899,2.3287,1,4.0,small|unifocal|far_rc,small,unifocal,far_rc,1,1211.0,1,1,1.0,1.0
BraTS-GLI-02808-100,gmm_2d,0.0109,0.0055,1211,114599,,,7.717,47.0899,2.3287,1,4.0,small|unifocal|far_rc,small,unifocal,far_rc,1,1211.0,1,1,1.0,1.0
BraTS-GLI-02808-100,variational_spline,0.0,0.0,1211,21100,collapse-detected,empty_prediction,34.7287,47.0899,2.3287,1,4.0,small|unifocal|far_rc,small,unifocal,far_rc,1,1211.0,1,1,1.0,1.0
BraTS-GLI-02817-101,otsu_T1c,0.005,0.0025,2809,862861,,,0.269,20.3736,5.4537,1,3.0,medium|multifocal|far_rc,medium,multifocal,far_rc,1,2809.0,2,1,1.0,0.9479
BraTS-GLI-02817-101,gmm_T1c,0.0005,0.0002,2809,946153,,,4.963,20.3736,5.4537,1,3.0,medium|multifocal|far_rc,medium,multifocal,far_rc,1,2809.0,2,1,1.0,0.9479
BraTS-GLI-02817-101,sustraccion,0.0,0.0,2809,0,,,0.2138,20.3736,5.4537,1,3.0,medium|multifocal|far_rc,medium,multifocal,far_rc,1,2809.0,2,1,1.0,0.9479
BraTS-GLI-02817-101,gmm_2d,0.0679,0.0352,2809,63264,,,9.1869,20.3736,5.4537,1,3.0,medium|multifocal|far_rc,medium,multifocal,far_rc,1,2809.0,2,1,1.0,0.9479
BraTS-GLI-02817-101,variational_spline,0.0004,0.0002,2809,948692,ROI-fallback,final_equals_init_no_collapse,0.2872,20.3736,5.4537,1,3.0,medium|multifocal|far_rc,medium,multifocal,far_rc,1,2809.0,2,1,1.0,0.9479
BraTS-GLI-02828-100,otsu_T1c,0.0,0.0,0,740909,,,0.2851,31.8485,14.6308,1,0.0,absent|unifocal|no_rc,absent,unifocal,no_rc,0,0.0,0,1,,
BraTS-GLI-02828-100,gmm_T1c,0.0,0.0,0,1420869,,,7.2185,31.8485,14.6308,1,0.0,absent|unifocal|no_rc,absent,unifocal,no_rc,0,0.0,0,1,,
BraTS-GLI-02828-100,sustraccion,0.0,0.0,0,135522,,,0.2324,31.8485,14.6308,1,0.0,absent|unifocal|no_rc,absent,unifocal,no_rc,0,0.0,0,1,,
BraTS-GLI-02828-100,gmm_2d,0.0,0.0,0,160521,,,9.078,31.8485,14.6308,1,0.0,absent|unifocal|no_rc,absent,unifocal,no_rc,0,0.0,0,1,,
BraTS-GLI-02828-100,variational_spline,0.0,0.0,0,278959,evolved,accepted,0.4037,31.8485,14.6308,1,0.0,absent|unifocal|no_rc,absent,unifocal,no_rc,0,0.0,0,1,,
BraTS-GLI-02833-101,otsu_T1c,0.0,0.0,199,18673,,,0.259,60.9098,2.1963,1,4.0,small|unifocal|far_rc,small,unifocal,far_rc,1,199.0,1,1,1.0,1.0
BraTS-GLI-02833-101,gmm_T1c,0.0,0.0,199,20741,,,1.5766,60.9098,2.1963,1,4.0,small|unifocal|far_rc,small,unifocal,far_rc,1,199.0,1,1,1.0,1.0
BraTS-GLI-02833-101,sustraccion,0.0023,0.0011,199,92112,,,0.2307,60.9098,2.1963,1,4.0,small|unifocal|far_rc,small,unifocal,far_rc,1,199.0,1,1,1.0,1.0
BraTS-GLI-02833-101,gmm_2d,0.0029,0.0014,199,119471,,,6.0713,60.9098,2.1963,1,4.0,small|unifocal|far_rc,small,unifocal,far_rc,1,199.0,1,1,1.0,1.0
BraTS-GLI-02833-101,variational_spline,0.0,0.0,199,20742,collapse-detected,empty_prediction,50.576,60.9098,2.1963,1,4.0,small|unifocal|far_rc,small,unifocal,far_rc,1,199.0,1,1,1.0,1.0
BraTS-GLI-02835-100,otsu_T1c,0.0,0.0,0,19628,,,0.2359,12.1883,3.237,1,3.0,absent|unifocal|no_rc,absent,unifocal,no_rc,0,0.0,0,1,,
BraTS-GLI-02835-100,gmm_T1c,0.0,0.0,0,27959,,,2.6093,12.1883,3.237,1,3.0,absent|unifocal|no_rc,absent,unifocal,no_rc,0,0.0,0,1,,
BraTS-GLI-02835-100,sustraccion,0.0,0.0,0,72714,,,0.2345,12.1883,3.237,1,3.0,absent|unifocal|no_rc,absent,unifocal,no_rc,0,0.0,0,1,,
BraTS-GLI-02835-100,gmm_2d,0.0,0.0,0,91858,,,5.5416,12.1883,3.237,1,3.0,absent|unifocal|no_rc,absent,unifocal,no_rc,0,0.0,0,1,,
BraTS-GLI-02835-100,variational_spline,0.0,0.0,0,27953,evolved,accepted,0.3298,12.1883,3.237,1,3.0,absent|unifocal|no_rc,absent,unifocal,no_rc,0,0.0,0,1,,
BraTS-GLI-02836-101,otsu_T1c,0.0,0.0,0,13813,,,0.2586,42.0357,2.4075,1,2.0,absent|unifocal|no_rc,absent,unifocal,no_rc,0,0.0,0,1,,
BraTS-GLI-02836-101,gmm_T1c,0.0,0.0,0,15997,,,1.9214,42.0357,2.4075,1,2.0,absent|unifocal|no_rc,absent,unifocal,no_rc,0,0.0,0,1,,
BraTS-GLI-02836-101,sustraccion,0.0,0.0,0,29913,,,0.2189,42.0357,2.4075,1,2.0,absent|unifocal|no_rc,absent,unifocal,no_rc,0,0.0,0,1,,
BraTS-GLI-02836-101,gmm_2d,0.0,0.0,0,104381,,,10.0315,42.0357,2.4075,1,2.0,absent|unifocal|no_rc,absent,unifocal,no_rc,0,0.0,0,1,,
BraTS-GLI-02836-101,variational_spline,0.0,0.0,0,15997,collapse-detected,empty_prediction,27.1978,42.0357,2.4075,1,2.0,absent|unifocal|no_rc,absent,unifocal,no_rc,0,0.0,0,1,,
BraTS-GLI-02851-100,otsu_T1c,0.0,0.0,0,17160,,,0.2685,43.9494,2.775,1,3.0,absent|unifocal|no_rc,absent,unifocal,no_rc,0,0.0,0,1,,
BraTS-GLI-02851-100,gmm_T1c,0.0,0.0,0,20360,,,2.2559,43.9494,2.775,1,3.0,absent|unifocal|no_rc,absent,unifocal,no_rc,0,0.0,0,1,,
BraTS-GLI-02851-100,sustraccion,0.0,0.0,0,82051,,,0.2257,43.9494,2.775,1,3.0,absent|unifocal|no_rc,absent,unifocal,no_rc,0,0.0,0,1,,
BraTS-GLI-02851-100,gmm_2d,0.0,0.0,0,77540,,,5.9079,43.9494,2.775,1,3.0,absent|unifocal|no_rc,absent,unifocal,no_rc,0,0.0,0,1,,
BraTS-GLI-02851-100,variational_spline,0.0,0.0,0,20360,collapse-detected,empty_prediction,32.5163,43.9494,2.775,1,3.0,absent|unifocal|no_rc,absent,unifocal,no_rc,0,0.0,0,1,,
BraTS-GLI-02866-100,otsu_T1c,0.0,0.0,0,14396,,,0.2492,44.1307,2.8539,1,4.0,absent|unifocal|no_rc,absent,unifocal,no_rc,0,0.0,0,1,,
BraTS-GLI-02866-100,gmm_T1c,0.0,0.0,0,18512,,,2.1855,44.1307,2.8539,1,4.0,absent|unifocal|no_rc,absent,unifocal,no_rc,0,0.0,0,1,,
BraTS-GLI-02866-100,sustraccion,0.0,0.0,0,98824,,,0.2346,44.1307,2.8539,1,4.0,absent|unifocal|no_rc,absent,unifocal,no_rc,0,0.0,0,1,,
BraTS-GLI-02866-100,gmm_2d,0.0,0.0,0,120007,,,6.3533,44.1307,2.8539,1,4.0,absent|unifocal|no_rc,absent,unifocal,no_rc,0,0.0,0,1,,
BraTS-GLI-02866-100,variational_spline,0.0,0.0,0,18518,collapse-detected,empty_prediction,32.2542,44.1307,2.8539,1,4.0,absent|unifocal|no_rc,absent,unifocal,no_rc,0,0.0,0,1,,
BraTS-GLI-02866-101,otsu_T1c,0.0,0.0,0,12156,,,0.269,41.5416,2.951,1,1.0,absent|unifocal|no_rc,absent,unifocal,no_rc,0,0.0,0,1,,
BraTS-GLI-02866-101,gmm_T1c,0.0,0.0,0,13851,,,2.53,41.5416,2.951,1,1.0,absent|unifocal|no_rc,absent,unifocal,no_rc,0,0.0,0,1,,
BraTS-GLI-02866-101,sustraccion,0.0,0.0,0,64657,,,0.2248,41.5416,2.951,1,1.0,absent|unifocal|no_rc,absent,unifocal,no_rc,0,0.0,0,1,,
BraTS-GLI-02866-101,gmm_2d,0.0,0.0,0,40635,,,5.1834,41.5416,2.951,1,1.0,absent|unifocal|no_rc,absent,unifocal,no_rc,0,0.0,0,1,,
BraTS-GLI-02866-101,variational_spline,0.0,0.0,0,13853,collapse-detected,empty_prediction,30.3833,41.5416,2.951,1,1.0,absent|unifocal|no_rc,absent,unifocal,no_rc,0,0.0,0,1,,
BraTS-GLI-02895-101,otsu_T1c,0.0,0.0,0,10694,,,0.2781,43.2128,4.0641,1,2.0,absent|unifocal|no_rc,absent,unifocal,no_rc,0,0.0,0,1,,
BraTS-GLI-02895-101,gmm_T1c,0.0,0.0,0,13041,,,3.4771,43.2128,4.0641,1,2.0,absent|unifocal|no_rc,absent,unifocal,no_rc,0,0.0,0,1,,
BraTS-GLI-02895-101,sustraccion,0.0,0.0,0,19488,,,0.2241,43.2128,4.0641,1,2.0,absent|unifocal|no_rc,absent,unifocal,no_rc,0,0.0,0,1,,
BraTS-GLI-02895-101,gmm_2d,0.0,0.0,0,63991,,,8.6947,43.2128,4.0641,1,2.0,absent|unifocal|no_rc,absent,unifocal,no_rc,0,0.0,0,1,,
BraTS-GLI-02895-101,variational_spline,0.0,0.0,0,13041,collapse-detected,empty_prediction,26.4747,43.2128,4.0641,1,2.0,absent|unifocal|no_rc,absent,unifocal,no_rc,0,0.0,0,1,,
BraTS-GLI-02897-101,otsu_T1c,0.0,0.0,0,11827,,,0.2898,43.2788,2.5974,1,1.0,absent|unifocal|no_rc,absent,unifocal,no_rc,0,0.0,0,1,,
BraTS-GLI-02897-101,gmm_T1c,0.0,0.0,0,15370,,,1.9859,43.2788,2.5974,1,1.0,absent|unifocal|no_rc,absent,unifocal,no_rc,0,0.0,0,1,,
BraTS-GLI-02897-101,sustraccion,0.0,0.0,0,85811,,,0.2219,43.2788,2.5974,1,1.0,absent|unifocal|no_rc,absent,unifocal,no_rc,0,0.0,0,1,,
BraTS-GLI-02897-101,gmm_2d,0.0,0.0,0,116897,,,6.1776,43.2788,2.5974,1,1.0,absent|unifocal|no_rc,absent,unifocal,no_rc,0,0.0,0,1,,
BraTS-GLI-02897-101,variational_spline,0.0,0.0,0,15371,collapse-detected,empty_prediction,32.0062,43.2788,2.5974,1,1.0,absent|unifocal|no_rc,absent,unifocal,no_rc,0,0.0,0,1,,
BraTS-GLI-02901-100,otsu_T1c,0.0,0.0,0,16726,,,0.2756,49.1159,3.01,1,0.0,absent|unifocal|no_rc,absent,unifocal,no_rc,0,0.0,0,1,,
BraTS-GLI-02901-100,gmm_T1c,0.0,0.0,0,18667,,,2.3105,49.1159,3.01,1,0.0,absent|unifocal|no_rc,absent,unifocal,no_rc,0,0.0,0,1,,
BraTS-GLI-02901-100,sustraccion,0.0,0.0,0,107373,,,0.234,49.1159,3.01,1,0.0,absent|unifocal|no_rc,absent,unifocal,no_rc,0,0.0,0,1,,
BraTS-GLI-02901-100,gmm_2d,0.0,0.0,0,269262,,,10.4495,49.1159,3.01,1,0.0,absent|unifocal|no_rc,absent,unifocal,no_rc,0,0.0,0,1,,
BraTS-GLI-02901-100,variational_spline,0.0,0.0,0,18667,collapse-detected,empty_prediction,32.8364,49.1159,3.01,1,0.0,absent|unifocal|no_rc,absent,unifocal,no_rc,0,0.0,0,1,,
BraTS-GLI-02905-100,otsu_T1c,0.002,0.001,867,849890,,,0.2611,21.232,10.1039,1,0.0,small|multifocal|far_rc,small,multifocal,far_rc,1,867.0,2,1,1.0,1.0
BraTS-GLI-02905-100,gmm_T1c,0.0016,0.0008,867,1104436,,,3.4845,21.232,10.1039,1,0.0,small|multifocal|far_rc,small,multifocal,far_rc,1,867.0,2,1,1.0,1.0
BraTS-GLI-02905-100,sustraccion,0.0236,0.012,867,41694,,,0.2299,21.232,10.1039,1,0.0,small|multifocal|far_rc,small,multifocal,far_rc,1,867.0,2,1,1.0,1.0
BraTS-GLI-02905-100,gmm_2d,0.0151,0.0076,867,112700,,,6.8222,21.232,10.1039,1,0.0,small|multifocal|far_rc,small,multifocal,far_rc,1,867.0,2,1,1.0,1.0
BraTS-GLI-02905-100,variational_spline,0.0,0.0,867,82854,evolved,accepted,0.3303,21.232,10.1039,1,0.0,small|multifocal|far_rc,small,multifocal,far_rc,1,867.0,2,1,1.0,1.0
BraTS-GLI-02917-101,otsu_T1c,0.0,0.0,6110,14315,,,0.2554,51.1112,2.6285,1,1.0,medium|multifocal|far_rc,medium,multifocal,far_rc,1,6110.0,4,1,1.0,1.0
BraTS-GLI-02917-101,gmm_T1c,0.0,0.0,6110,21882,,,2.0825,51.1112,2.6285,1,1.0,medium|multifocal|far_rc,medium,multifocal,far_rc,1,6110.0,4,1,1.0,1.0
BraTS-GLI-02917-101,sustraccion,0.0985,0.0518,6110,81306,,,0.2404,51.1112,2.6285,1,1.0,medium|multifocal|far_rc,medium,multifocal,far_rc,1,6110.0,4,1,1.0,1.0
BraTS-GLI-02917-101,gmm_2d,0.088,0.0461,6110,119438,,,11.2762,51.1112,2.6285,1,1.0,medium|multifocal|far_rc,medium,multifocal,far_rc,1,6110.0,4,1,1.0,1.0
BraTS-GLI-02917-101,variational_spline,0.0,0.0,6110,21882,collapse-detected,empty_prediction,34.6281,51.1112,2.6285,1,1.0,medium|multifocal|far_rc,medium,multifocal,far_rc,1,6110.0,4,1,1.0,1.0
BraTS-GLI-02934-101,otsu_T1c,0.0,0.0,0,11031,,,0.261,34.7027,2.6974,1,3.0,absent|unifocal|no_rc,absent,unifocal,no_rc,0,0.0,0,1,,
BraTS-GLI-02934-101,gmm_T1c,0.0,0.0,0,10852,,,2.2253,34.7027,2.6974,1,3.0,absent|unifocal|no_rc,absent,unifocal,no_rc,0,0.0,0,1,,
BraTS-GLI-02934-101,sustraccion,0.0,0.0,0,87033,,,0.247,34.7027,2.6974,1,3.0,absent|unifocal|no_rc,absent,unifocal,no_rc,0,0.0,0,1,,
BraTS-GLI-02934-101,gmm_2d,0.0,0.0,0,120332,,,5.4214,34.7027,2.6974,1,3.0,absent|unifocal|no_rc,absent,unifocal,no_rc,0,0.0,0,1,,
BraTS-GLI-02934-101,variational_spline,0.0,0.0,0,10852,collapse-detected,empty_prediction,23.8507,34.7027,2.6974,1,3.0,absent|unifocal|no_rc,absent,unifocal,no_rc,0,0.0,0,1,,
BraTS-GLI-02947-100,otsu_T1c,0.0011,0.0005,482,768624,,,0.2813,29.0412,14.6045,1,0.0,small|multifocal|no_rc,small,multifocal,no_rc,1,482.0,4,0,,1.0
BraTS-GLI-02947-100,gmm_T1c,0.0002,0.0001,482,1236057,,,6.5239,29.0412,14.6045,1,0.0,small|multifocal|no_rc,small,multifocal,no_rc,1,482.0,4,0,,1.0
BraTS-GLI-02947-100,sustraccion,0.0054,0.0027,482,83973,,,0.349,29.0412,14.6045,1,0.0,small|multifocal|no_rc,small,multifocal,no_rc,1,482.0,4,0,,1.0
BraTS-GLI-02947-100,gmm_2d,0.0076,0.0038,482,89675,,,6.8656,29.0412,14.6045,1,0.0,small|multifocal|no_rc,small,multifocal,no_rc,1,482.0,4,0,,1.0
BraTS-GLI-02947-100,variational_spline,0.0025,0.0013,482,182201,evolved,accepted,0.417,29.0412,14.6045,1,0.0,small|multifocal|no_rc,small,multifocal,no_rc,1,482.0,4,0,,1.0
BraTS-GLI-02983-101,otsu_T1c,0.0,0.0,1845,12508,,,0.2628,50.4585,2.569,1,0.0,small|multifocal|far_rc,small,multifocal,far_rc,1,1845.0,2,1,1.0,1.0
BraTS-GLI-02983-101,gmm_T1c,0.0,0.0,1845,19121,,,1.87,50.4585,2.569,1,0.0,small|multifocal|far_rc,small,multifocal,far_rc,1,1845.0,2,1,1.0,1.0
BraTS-GLI-02983-101,sustraccion,0.044,0.0225,1845,45003,,,0.235,50.4585,2.569,1,0.0,small|multifocal|far_rc,small,multifocal,far_rc,1,1845.0,2,1,1.0,1.0
BraTS-GLI-02983-101,gmm_2d,0.0748,0.0389,1845,40823,,,10.2511,50.4585,2.569,1,0.0,small|multifocal|far_rc,small,multifocal,far_rc,1,1845.0,2,1,1.0,1.0
BraTS-GLI-02983-101,variational_spline,0.0,0.0,1845,19125,collapse-detected,empty_prediction,35.2706,50.4585,2.569,1,0.0,small|multifocal|far_rc,small,multifocal,far_rc,1,1845.0,2,1,1.0,1.0
BraTS-GLI-02984-101,otsu_T1c,0.0,0.0,0,13855,,,0.2637,53.5414,3.4321,1,0.0,absent|unifocal|no_rc,absent,unifocal,no_rc,0,0.0,0,1,,
BraTS-GLI-02984-101,gmm_T1c,0.0,0.0,0,16573,,,2.7196,53.5414,3.4321,1,0.0,absent|unifocal|no_rc,absent,unifocal,no_rc,0,0.0,0,1,,
BraTS-GLI-02984-101,sustraccion,0.0,0.0,0,87029,,,0.2345,53.5414,3.4321,1,0.0,absent|unifocal|no_rc,absent,unifocal,no_rc,0,0.0,0,1,,
BraTS-GLI-02984-101,gmm_2d,0.0,0.0,0,47090,,,4.964,53.5414,3.4321,1,0.0,absent|unifocal|no_rc,absent,unifocal,no_rc,0,0.0,0,1,,
BraTS-GLI-02984-101,variational_spline,0.0,0.0,0,16574,collapse-detected,empty_prediction,41.9276,53.5414,3.4321,1,0.0,absent|unifocal|no_rc,absent,unifocal,no_rc,0,0.0,0,1,,
BraTS-GLI-02985-101,otsu_T1c,0.0,0.0,0,553928,,,0.2534,59.9786,10.8391,1,1.0,absent|unifocal|no_rc,absent,unifocal,no_rc,0,0.0,0,1,,
BraTS-GLI-02985-101,gmm_T1c,0.0,0.0,0,1033716,,,4.434,59.9786,10.8391,1,1.0,absent|unifocal|no_rc,absent,unifocal,no_rc,0,0.0,0,1,,
BraTS-GLI-02985-101,sustraccion,0.0,0.0,0,11504,,,0.2119,59.9786,10.8391,1,1.0,absent|unifocal|no_rc,absent,unifocal,no_rc,0,0.0,0,1,,
BraTS-GLI-02985-101,gmm_2d,0.0,0.0,0,72903,,,4.461,59.9786,10.8391,1,1.0,absent|unifocal|no_rc,absent,unifocal,no_rc,0,0.0,0,1,,
BraTS-GLI-02985-101,variational_spline,0.0,0.0,0,29469,collapse-detected,empty_prediction,39.7791,59.9786,10.8391,1,1.0,absent|unifocal|no_rc,absent,unifocal,no_rc,0,0.0,0,1,,
BraTS-GLI-02992-101,otsu_T1c,0.0,0.0,0,10295,,,0.2575,33.2009,2.4811,1,0.0,absent|unifocal|no_rc,absent,unifocal,no_rc,0,0.0,0,1,,
BraTS-GLI-02992-101,gmm_T1c,0.0,0.0,0,11004,,,1.9523,33.2009,2.4811,1,0.0,absent|unifocal|no_rc,absent,unifocal,no_rc,0,0.0,0,1,,
BraTS-GLI-02992-101,sustraccion,0.0,0.0,0,4333,,,0.2211,33.2009,2.4811,1,0.0,absent|unifocal|no_rc,absent,unifocal,no_rc,0,0.0,0,1,,
BraTS-GLI-02992-101,gmm_2d,0.0,0.0,0,23993,,,3.1725,33.2009,2.4811,1,0.0,absent|unifocal|no_rc,absent,unifocal,no_rc,0,0.0,0,1,,
BraTS-GLI-02992-101,variational_spline,0.0,0.0,0,11005,collapse-detected,empty_prediction,25.1164,33.2009,2.4811,1,0.0,absent|unifocal|no_rc,absent,unifocal,no_rc,0,0.0,0,1,,
BraTS-GLI-02996-101,otsu_T1c,0.0,0.0,18701,11907,,,0.2776,46.5025,5.4345,1,0.0,large|multifocal|far_rc,large,multifocal,far_rc,1,18701.0,2,1,1.0,1.0
BraTS-GLI-02996-101,gmm_T1c,0.0,0.0,18701,12893,,,5.0905,46.5025,5.4345,1,0.0,large|multifocal|far_rc,large,multifocal,far_rc,1,18701.0,2,1,1.0,1.0
BraTS-GLI-02996-101,sustraccion,0.2466,0.1407,18701,109102,,,0.2305,46.5025,5.4345,1,0.0,large|multifocal|far_rc,large,multifocal,far_rc,1,18701.0,2,1,1.0,1.0
BraTS-GLI-02996-101,gmm_2d,0.2032,0.1131,18701,148271,,,7.3852,46.5025,5.4345,1,0.0,large|multifocal|far_rc,large,multifocal,far_rc,1,18701.0,2,1,1.0,1.0
BraTS-GLI-02996-101,variational_spline,0.0,0.0,18701,12893,collapse-detected,empty_prediction,28.0841,46.5025,5.4345,1,0.0,large|multifocal|far_rc,large,multifocal,far_rc,1,18701.0,2,1,1.0,1.0
BraTS-GLI-03009-100,otsu_T1c,0.2388,0.1356,11130,21831,,,0.3013,51.7166,4.246,1,2.0,large|multifocal|far_rc,large,multifocal,far_rc,1,11130.0,5,1,1.0,0.9963
BraTS-GLI-03009-100,gmm_T1c,0.2921,0.171,11130,34501,,,3.4785,51.7166,4.246,1,2.0,large|multifocal|far_rc,large,multifocal,far_rc,1,11130.0,5,1,1.0,0.9963
BraTS-GLI-03009-100,sustraccion,0.1837,0.1011,11130,93171,,,0.2333,51.7166,4.246,1,2.0,large|multifocal|far_rc,large,multifocal,far_rc,1,11130.0,5,1,1.0,0.9963
BraTS-GLI-03009-100,gmm_2d,0.087,0.0455,11130,195721,,,7.1378,51.7166,4.246,1,2.0,large|multifocal|far_rc,large,multifocal,far_rc,1,11130.0,5,1,1.0,0.9963
BraTS-GLI-03009-100,variational_spline,0.2923,0.1712,11130,34552,collapse-detected,empty_prediction,36.3197,51.7166,4.246,1,2.0,large|multifocal|far_rc,large,multifocal,far_rc,1,11130.0,5,1,1.0,0.9963
BraTS-GLI-03010-100,otsu_T1c,0.0,0.0,0,17138,,,0.2502,44.702,2.7726,1,3.0,absent|unifocal|no_rc,absent,unifocal,no_rc,0,0.0,0,1,,
BraTS-GLI-03010-100,gmm_T1c,0.0,0.0,0,21903,,,2.1946,44.702,2.7726,1,3.0,absent|unifocal|no_rc,absent,unifocal,no_rc,0,0.0,0,1,,
BraTS-GLI-03010-100,sustraccion,0.0,0.0,0,85505,,,0.232,44.702,2.7726,1,3.0,absent|unifocal|no_rc,absent,unifocal,no_rc,0,0.0,0,1,,
BraTS-GLI-03010-100,gmm_2d,0.0,0.0,0,191346,,,6.4153,44.702,2.7726,1,3.0,absent|unifocal|no_rc,absent,unifocal,no_rc,0,0.0,0,1,,
BraTS-GLI-03010-100,variational_spline,0.0,0.0,0,21903,collapse-detected,empty_prediction,32.8372,44.702,2.7726,1,3.0,absent|unifocal|no_rc,absent,unifocal,no_rc,0,0.0,0,1,,
BraTS-GLI-03019-101,otsu_T1c,0.0007,0.0004,36755,15827,,,0.2776,69.5628,5.3456,1,4.0,large|multifocal|far_rc,large,multifocal,far_rc,1,36755.0,21,1,1.0,0.9996
BraTS-GLI-03019-101,gmm_T1c,0.0038,0.0019,36755,17405,,,4.7297,69.5628,5.3456,1,4.0,large|multifocal|far_rc,large,multifocal,far_rc,1,36755.0,21,1,1.0,0.9996
BraTS-GLI-03019-101,sustraccion,0.3697,0.2267,36755,75372,,,0.2252,69.5628,5.3456,1,4.0,large|multifocal|far_rc,large,multifocal,far_rc,1,36755.0,21,1,1.0,0.9996
BraTS-GLI-03019-101,gmm_2d,0.2502,0.143,36755,228427,,,6.2483,69.5628,5.3456,1,4.0,large|multifocal|far_rc,large,multifocal,far_rc,1,36755.0,21,1,1.0,0.9996
BraTS-GLI-03019-101,variational_spline,0.0038,0.0019,36755,17405,collapse-detected,empty_prediction,52.7364,69.5628,5.3456,1,4.0,large|multifocal|far_rc,large,multifocal,far_rc,1,36755.0,21,1,1.0,0.9996
BraTS-GLI-03020-100,otsu_T1c,0.0,0.0,13632,18977,,,0.2426,48.0375,3.2441,1,1.0,large|multifocal|far_rc,large,multifocal,far_rc,1,13632.0,2,1,1.0,1.0
BraTS-GLI-03020-100,gmm_T1c,0.0,0.0,13632,17578,,,2.6014,48.0375,3.2441,1,1.0,large|multifocal|far_rc,large,multifocal,far_rc,1,13632.0,2,1,1.0,1.0
BraTS-GLI-03020-100,sustraccion,0.1888,0.1042,13632,126679,,,0.2353,48.0375,3.2441,1,1.0,large|multifocal|far_rc,large,multifocal,far_rc,1,13632.0,2,1,1.0,1.0
BraTS-GLI-03020-100,gmm_2d,0.123,0.0655,13632,137154,,,5.5433,48.0375,3.2441,1,1.0,large|multifocal|far_rc,large,multifocal,far_rc,1,13632.0,2,1,1.0,1.0
BraTS-GLI-03020-100,variational_spline,0.0,0.0,13632,17578,collapse-detected,empty_prediction,36.1709,48.0375,3.2441,1,1.0,large|multifocal|far_rc,large,multifocal,far_rc,1,13632.0,2,1,1.0,1.0
BraTS-GLI-03025-101,otsu_T1c,0.0,0.0,766,11444,,,0.2569,38.2529,3.0666,1,1.0,small|unifocal|far_rc,small,unifocal,far_rc,1,766.0,1,1,1.0,0.9484
BraTS-GLI-03025-101,gmm_T1c,0.0,0.0,766,11656,,,2.3954,38.2529,3.0666,1,1.0,small|unifocal|far_rc,small,unifocal,far_rc,1,766.0,1,1,1.0,0.9484
BraTS-GLI-03025-101,sustraccion,0.014,0.0071,766,106807,,,0.2426,38.2529,3.0666,1,1.0,small|unifocal|far_rc,small,unifocal,far_rc,1,766.0,1,1,1.0,0.9484
BraTS-GLI-03025-101,gmm_2d,0.0099,0.005,766,153237,,,6.3209,38.2529,3.0666,1,1.0,small|unifocal|far_rc,small,unifocal,far_rc,1,766.0,1,1,1.0,0.9484
BraTS-GLI-03025-101,variational_spline,0.0,0.0,766,11656,collapse-detected,empty_prediction,25.9704,38.2529,3.0666,1,1.0,small|unifocal|far_rc,small,unifocal,far_rc,1,766.0,1,1,1.0,0.9484
BraTS-GLI-03026-101,otsu_T1c,0.0006,0.0003,4326,16597,,,0.2752,63.7957,7.026,1,3.0,medium|multifocal|far_rc,medium,multifocal,far_rc,1,4326.0,4,1,1.0,0.8209
BraTS-GLI-03026-101,gmm_T1c,0.0005,0.0003,4326,17735,,,6.566,63.7957,7.026,1,3.0,medium|multifocal|far_rc,medium,multifocal,far_rc,1,4326.0,4,1,1.0,0.8209
BraTS-GLI-03026-101,sustraccion,0.0787,0.041,4326,92256,,,0.2368,63.7957,7.026,1,3.0,medium|multifocal|far_rc,medium,multifocal,far_rc,1,4326.0,4,1,1.0,0.8209
BraTS-GLI-03026-101,gmm_2d,0.0044,0.0022,4326,424809,,,6.0253,63.7957,7.026,1,3.0,medium|multifocal|far_rc,medium,multifocal,far_rc,1,4326.0,4,1,1.0,0.8209
BraTS-GLI-03026-101,variational_spline,0.0005,0.0003,4326,17736,collapse-detected,empty_prediction,43.6663,63.7957,7.026,1,3.0,medium|multifocal|far_rc,medium,multifocal,far_rc,1,4326.0,4,1,1.0,0.8209
BraTS-GLI-03027-100,otsu_T1c,0.0,0.0,1878,17711,,,0.2974,66.2902,4.9835,1,1.0,small|multifocal|far_rc,small,multifocal,far_rc,1,1878.0,2,1,1.0,1.0
BraTS-GLI-03027-100,gmm_T1c,0.0,0.0,1878,24521,,,3.9014,66.2902,4.9835,1,1.0,small|multifocal|far_rc,small,multifocal,far_rc,1,1878.0,2,1,1.0,1.0
BraTS-GLI-03027-100,sustraccion,0.0281,0.0142,1878,108125,,,0.247,66.2902,4.9835,1,1.0,small|multifocal|far_rc,small,multifocal,far_rc,1,1878.0,2,1,1.0,1.0
BraTS-GLI-03027-100,gmm_2d,0.0282,0.0143,1878,115538,,,6.5867,66.2902,4.9835,1,1.0,small|multifocal|far_rc,small,multifocal,far_rc,1,1878.0,2,1,1.0,1.0
BraTS-GLI-03027-100,variational_spline,0.0,0.0,1878,24521,collapse-detected,empty_prediction,50.2742,66.2902,4.9835,1,1.0,small|multifocal|far_rc,small,multifocal,far_rc,1,1878.0,2,1,1.0,1.0
BraTS-GLI-03027-101,otsu_T1c,0.0,0.0,775,12409,,,0.2563,33.7584,2.1356,1,3.0,small|multifocal|far_rc,small,multifocal,far_rc,1,775.0,4,1,1.0,1.0
BraTS-GLI-03027-101,gmm_T1c,0.0,0.0,775,13076,,,1.5866,33.7584,2.1356,1,3.0,small|multifocal|far_rc,small,multifocal,far_rc,1,775.0,4,1,1.0,1.0
BraTS-GLI-03027-101,sustraccion,0.0118,0.0059,775,88027,,,0.2353,33.7584,2.1356,1,3.0,small|multifocal|far_rc,small,multifocal,far_rc,1,775.0,4,1,1.0,1.0
BraTS-GLI-03027-101,gmm_2d,0.0109,0.0055,775,111179,,,4.8778,33.7584,2.1356,1,3.0,small|multifocal|far_rc,small,multifocal,far_rc,1,775.0,4,1,1.0,1.0
BraTS-GLI-03027-101,variational_spline,0.0,0.0,775,13076,collapse-detected,empty_prediction,24.6669,33.7584,2.1356,1,3.0,small|multifocal|far_rc,small,multifocal,far_rc,1,775.0,4,1,1.0,1.0
BraTS-GLI-03059-100,otsu_T1c,0.0029,0.0014,776,511672,,,0.2719,44.3891,2.6027,1,0.0,small|multifocal|far_rc,small,multifocal,far_rc,1,776.0,6,1,1.0,0.9974
BraTS-GLI-03059-100,gmm_T1c,0.0034,0.0017,776,12235,,,1.9535,44.3891,2.6027,1,0.0,small|multifocal|far_rc,small,multifocal,far_rc,1,776.0,6,1,1.0,0.9974
BraTS-GLI-03059-100,sustraccion,0.01,0.005,776,91823,,,0.2494,44.3891,2.6027,1,0.0,small|multifocal|far_rc,small,multifocal,far_rc,1,776.0,6,1,1.0,0.9974
BraTS-GLI-03059-100,gmm_2d,0.0112,0.0057,776,124496,,,6.6911,44.3891,2.6027,1,0.0,small|multifocal|far_rc,small,multifocal,far_rc,1,776.0,6,1,1.0,0.9974
BraTS-GLI-03059-100,variational_spline,0.0034,0.0017,776,12238,collapse-detected,empty_prediction,32.6204,44.3891,2.6027,1,0.0,small|multifocal|far_rc,small,multifocal,far_rc,1,776.0,6,1,1.0,0.9974
BraTS-GLI-03060-102,otsu_T1c,0.0026,0.0013,1007,489113,,,0.2339,21.5831,2.0241,1,4.0,small|unifocal|far_rc,small,unifocal,far_rc,1,1007.0,1,1,1.0,1.0
BraTS-GLI-03060-102,gmm_T1c,0.0,0.0,1007,5407,,,1.4134,21.5831,2.0241,1,4.0,small|unifocal|far_rc,small,unifocal,far_rc,1,1007.0,1,1,1.0,1.0
BraTS-GLI-03060-102,sustraccion,0.0181,0.0092,1007,62958,,,0.2095,21.5831,2.0241,1,4.0,small|unifocal|far_rc,small,unifocal,far_rc,1,1007.0,1,1,1.0,1.0
BraTS-GLI-03060-102,gmm_2d,0.024,0.0122,1007,45856,,,6.051,21.5831,2.0241,1,4.0,small|unifocal|far_rc,small,unifocal,far_rc,1,1007.0,1,1,1.0,1.0
BraTS-GLI-03060-102,variational_spline,0.0,0.0,1007,5407,collapse-detected,empty_prediction,11.6513,21.5831,2.0241,1,4.0,small|unifocal|far_rc,small,unifocal,far_rc,1,1007.0,1,1,1.0,1.0
BraTS-GLI-03063-100,otsu_T1c,0.0081,0.0041,6973,8094,,,0.2272,30.3656,1.9084,1,4.0,medium|multifocal|far_rc,medium,multifocal,far_rc,1,6973.0,4,1,1.0,0.9981
BraTS-GLI-03063-100,gmm_T1c,0.0083,0.0042,6973,9629,,,1.2922,30.3656,1.9084,1,4.0,medium|multifocal|far_rc,medium,multifocal,far_rc,1,6973.0,4,1,1.0,0.9981
BraTS-GLI-03063-100,sustraccion,0.1002,0.0527,6973,76178,,,0.2242,30.3656,1.9084,1,4.0,medium|multifocal|far_rc,medium,multifocal,far_rc,1,6973.0,4,1,1.0,0.9981
BraTS-GLI-03063-100,gmm_2d,0.0896,0.0469,6973,81463,,,4.436,30.3656,1.9084,1,4.0,medium|multifocal|far_rc,medium,multifocal,far_rc,1,6973.0,4,1,1.0,0.9981
BraTS-GLI-03063-100,variational_spline,0.0083,0.0042,6973,9629,collapse-detected,empty_prediction,22.2776,30.3656,1.9084,1,4.0,medium|multifocal|far_rc,medium,multifocal,far_rc,1,6973.0,4,1,1.0,0.9981
