case_id,method,source,component_label,volume_vox,surface_area_proxy,compactness_v_over_s15,isoperimetric_quotient,inscribed_radius_vox,inscribed_radius_grid_step,bbox_diag_vox,radius_over_bbox_diag,radius_over_equiv_sphere,elongation_max_over_min,eroded_subcomponents,overlap_gt_vox,z0,z1,y0,y1,x0,x1,log10_isoperimetric,log1p_eroded_subcomponents,shape_score_prob_true_et,accepted_shape,fold,vol_bin,shape_threshold
BraTS-GLI-02205-100,otsu_T1c,prediction_component,1,12073,2253824.0,3.568085083150052e-06,1.439868322270363e-09,4.0,2,222.06755728831712,0.01801253658501173,0.2810721360821469,1.613861386138614,27,,52,153,26,189,34,146,-8.841677222853498,3.332204510175204,0.047352543924168336,False,1,absent,0.5255652568220824
BraTS-GLI-02205-100,gmm_T1c,prediction_component,1,13371,2544896.0,3.2935088148760513e-06,1.2267894534275088e-09,3.4641016151377544,2,224.04910176119876,0.015461350158993022,0.23526944601335897,1.5980392156862746,23,,52,154,26,189,31,146,-8.911229966254863,3.1780538303479458,0.03245490727113634,False,1,absent,0.5255652568220824
BraTS-GLI-02205-100,sustraccion,prediction_component,2,12,6144.0,2.4917498197257264e-05,7.022006780482366e-08,1.4142135623730951,1,6.4031242374328485,0.2208630521496931,0.9957510787676723,1.3333333333333333,0,,28,32,73,77,97,100,-7.153538755513696,0.0,0.9999618273771178,True,1,absent,0.5255652568220824
BraTS-GLI-02205-100,sustraccion,prediction_component,3,23,9728.0,2.3971350007758136e-05,6.498862668392194e-08,1.4142135623730951,1,8.246211251235321,0.17149858514250885,0.8016200827808712,1.5,0,,31,35,77,83,95,99,-7.1871626402893725,0.0,0.9998030243789797,True,1,absent,0.5255652568220824
BraTS-GLI-02205-100,sustraccion,prediction_component,4,38,19968.0,1.3467337520499874e-05,2.051237099280137e-08,1.4142135623730951,1,14.491376746189438,0.09759000729485333,0.6780837477859392,2.2,0,,32,40,68,73,44,55,-7.687984137311949,0.0,0.9930098694652703,True,1,absent,0.5255652568220824
BraTS-GLI-02205-100,sustraccion,prediction_component,5,39,13824.0,2.399462789365514e-05,6.511490512491193e-08,1.4142135623730951,1,9.486832980505138,0.14907119849998599,0.6722379073420917,1.75,0,,32,36,73,78,114,121,-7.1863195878900346,0.0,0.9995552390704948,True,1,absent,0.5255652568220824
BraTS-GLI-02205-100,sustraccion,prediction_component,6,17,6912.0,2.9583075859084555e-05,9.897808063694699e-08,1.4142135623730951,1,6.557438524302,0.21566554640687685,0.8866010210973454,1.6666666666666667,0,,33,36,71,74,61,66,-7.004460972194542,0.0,0.999965693418326,True,1,absent,0.5255652568220824
BraTS-GLI-02205-100,sustraccion,prediction_component,8,329,96256.0,1.1016767461870658e-05,1.3726529211847178e-08,1.7320508075688772,1,30.380915061926625,0.0570111467688965,0.4044438145362865,1.7692307692307692,0,,39,62,34,47,63,78,-7.862439261357162,0.0,0.9382001457830881,True,1,absent,0.5255652568220824
BraTS-GLI-02205-100,sustraccion,prediction_component,10,89,28928.0,1.8088909811890763e-05,3.7006427402560813e-08,1.4142135623730951,1,16.34013463836819,0.0865484644815831,0.5106004564652381,1.8571428571428572,0,,39,46,105,118,68,75,-7.431722839634562,0.0,0.9943086880997271,True,1,absent,0.5255652568220824
BraTS-GLI-02205-100,sustraccion,prediction_component,12,56,18688.0,2.1920163483864352e-05,5.434254218465772e-08,1.4142135623730951,1,12.806248474865697,0.11043152607484655,0.5958658900897977,1.3333333333333333,0,,43,51,97,105,84,90,-7.2648600488230946,0.0,0.9984647297518651,True,1,absent,0.5255652568220824
BraTS-GLI-02205-100,sustraccion,prediction_component,13,139,35072.0,2.1162842585009012e-05,5.0652440674412196e-08,2.23606797749979,1,15.588457268119896,0.14344382763731173,0.6958403442599822,2.6,1,,45,58,36,43,102,107,-7.2953996234351575,0.6931471805599453,0.999150543237284,True,1,absent,0.5255652568220824
BraTS-GLI-02205-100,sustraccion,prediction_component,15,323,102400.0,9.857177734375e-06,1.0988984181014172e-08,2.0,1,37.429934544425805,0.05343316851452648,0.46988547959046567,1.75,1,,48,64,133,152,46,74,-7.959042451795809,0.6931471805599453,0.9076877843137388,True,1,absent,0.5255652568220824
BraTS-GLI-02205-100,sustraccion,prediction_component,16,167,47616.0,1.6072635910569714e-05,2.921639228862896e-08,1.4142135623730951,1,20.445048300260872,0.06917144638660747,0.41397334370108313,2.142857142857143,0,,48,55,132,147,106,118,-7.53437341283271,0.0,0.9847481677351865,True,1,absent,0.5255652568220824
BraTS-GLI-02205-100,sustraccion,prediction_component,18,60070,7447040.0,2.9558480323085405e-06,9.881356718593138e-10,8.0,4,229.41011311622685,0.03487204592391675,0.3292812331016698,1.6057692307692308,33,,50,154,25,192,31,149,-9.005183422320595,3.5263605246161616,0.03936689599213761,False,1,absent,0.5255652568220824
BraTS-GLI-02205-100,sustraccion,prediction_component,19,279,58880.0,1.952776325550108e-05,4.3127807068919764e-08,2.23606797749979,1,20.149441679609886,0.11097419040461881,0.5516282140171664,1.6666666666666667,1,,50,60,101,116,74,83,-7.365242623979711,0.6931471805599453,0.9968773717087006,True,1,absent,0.5255652568220824
BraTS-GLI-02205-100,sustraccion,prediction_component,21,48,23040.0,1.3725163455591925e-05,2.1305288720633903e-08,1.4142135623730951,1,13.92838827718412,0.10153461651336192,0.6272838722974592,1.2857142857142858,0,,51,60,95,102,66,74,-7.671512576040928,0.0,0.9928387543056697,True,1,absent,0.5255652568220824
BraTS-GLI-02205-100,sustraccion,prediction_component,24,102,25088.0,2.5668536637118717e-05,7.451686818669623e-08,2.23606797749979,1,12.449899597988733,0.1796053020267749,0.7714618978944139,1.8,1,,52,59,105,114,100,105,-7.127745406027777,0.6931471805599453,0.9998132491984343,True,1,absent,0.5255652568220824
BraTS-GLI-02205-100,sustraccion,prediction_component,26,12,5376.0,3.04433440619409e-05,1.0481829363285631e-07,1.4142135623730951,1,5.830951894845301,0.24253562503633297,0.9957510787676723,1.3333333333333333,0,,54,58,106,109,91,94,-6.979562914580636,0.0,0.9999864375771123,True,1,absent,0.5255652568220824
BraTS-GLI-02205-100,sustraccion,prediction_component,27,59,22528.0,1.7448900070164098e-05,3.4434080019053975e-08,1.4142135623730951,1,12.206555615733702,0.11585688927269847,0.5855902858043154,1.3333333333333333,0,,54,60,141,148,119,127,-7.463011515640345,0.0,0.9970599205989181,True,1,absent,0.5255652568220824
BraTS-GLI-02205-100,sustraccion,prediction_component,28,73,28672.0,1.5036123291927657e-05,2.5569611515937405e-08,1.4142135623730951,1,14.352700094407323,0.09853292781642932,0.5454692181434626,1.8333333333333333,0,,54,60,147,158,111,118,-7.5922758702437605,0.0,0.9926844600955443,True,1,absent,0.5255652568220824
BraTS-GLI-02205-100,sustraccion,prediction_component,29,36,12544.0,2.56240889212828e-05,7.425902435214018e-08,1.4142135623730951,1,8.774964387392123,0.16116459280507606,0.6904152369103725,1.5,0,,55,59,83,88,121,127,-7.129250761025094,0.0,0.9997270458728729,True,1,absent,0.5255652568220824
BraTS-GLI-02205-100,sustraccion,prediction_component,30,47,18944.0,1.802562493718165e-05,3.6747943011672866e-08,1.4142135623730951,1,12.68857754044952,0.11145564251507058,0.6317015099045129,2.25,0,,55,59,92,100,106,115,-7.434766965795621,0.0,0.9975031056678846,True,1,absent,0.5255652568220824
BraTS-GLI-02205-100,sustraccion,prediction_component,31,17,6912.0,2.9583075859084555e-05,9.897808063694699e-08,1.4142135623730951,1,6.557438524302,0.21566554640687685,0.8866010210973454,1.6666666666666667,0,,55,58,153,156,61,66,-7.004460972194542,0.0,0.999965693418326,True,1,absent,0.5255652568220824
BraTS-GLI-02205-100,sustraccion,prediction_component,32,111,40192.0,1.3775696061390646e-05,2.1462458967374628e-08,1.4142135623730951,1,17.916472867168917,0.07893370379638584,0.4743550640703908,2.8,0,,55,60,156,170,59,69,-7.668320522128514,0.0,0.9828673875687411,True,1,absent,0.5255652568220824
BraTS-GLI-02205-100,sustraccion,prediction_component,33,51,16128.0,2.4900003259691466e-05,7.012149736086915e-08,1.7320508075688772,1,10.677078252031311,0.16222142113076252,0.7528933105024771,1.75,0,,56,60,127,134,50,57,-7.154148818639,0.0,0.9997585941698648,True,1,absent,0.5255652568220824
BraTS-GLI-02205-100,sustraccion,prediction_component,35,472,158464.0,7.4824888290763685e-06,6.332052802209614e-09,1.4142135623730951,1,43.64630568559039,0.03240167845041672,0.2927951429021577,2.5,0,,57,79,67,102,66,80,-8.198455472266305,0.0,0.6672276742779352,True,1,absent,0.5255652568220824
BraTS-GLI-02205-100,sustraccion,prediction_component,36,24,12288.0,1.7619331945484184e-05,3.511003390241183e-08,1.4142135623730951,1,9.486832980505138,0.14907119849998599,0.7903281549671363,1.75,0,,57,61,129,136,124,129,-7.4545687511776775,0.0,0.9991828272121327,True,1,absent,0.5255652568220824
BraTS-GLI-02205-100,sustraccion,prediction_component,37,189,58624.0,1.3315228776398315e-05,2.005162799611076e-08,1.7320508075688772,1,24.657656011875904,0.07024393586862705,0.48652246194977594,2.5,0,,58,70,122,130,62,82,-7.697850361147303,0.0,0.978510540711591,True,1,absent,0.5255652568220824
BraTS-GLI-02205-100,sustraccion,prediction_component,38,15189,1309184.0,1.0139771040809158e-05,1.162809766211288e-08,7.681145747868608,1,77.42092740338364,0.09921278400409483,0.4999721516424894,1.5454545454545454,1,,58,106,135,186,97,130,-7.9344913293320705,0.6931471805599453,0.9650644661466088,True,1,absent,0.5255652568220824
BraTS-GLI-02205-100,sustraccion,prediction_component,39,28209,2409728.0,7.541116582112582e-06,6.431668961102891e-09,8.660254037844387,1,101.39526616169022,0.0854108319419399,0.45859671327685847,1.2307692307692308,9,,58,117,124,188,44,96,-8.191676316881829,2.302585092994046,0.8159686844147863,True,1,absent,0.5255652568220824
BraTS-GLI-02205-100,sustraccion,prediction_component,40,12,5376.0,3.04433440619409e-05,1.0481829363285631e-07,1.4142135623730951,1,5.830951894845301,0.24253562503633297,0.9957510787676723,1.3333333333333333,0,,58,61,172,176,58,61,-6.979562914580636,0.0,0.9999864375771123,True,1,absent,0.5255652568220824
BraTS-GLI-02205-100,sustraccion,prediction_component,41,12,5376.0,3.04433440619409e-05,1.0481829363285631e-07,1.4142135623730951,1,5.830951894845301,0.24253562503633297,0.9957510787676723,1.3333333333333333,0,,58,62,182,185,89,92,-6.979562914580636,0.0,0.9999864375771123,True,1,absent,0.5255652568220824
BraTS-GLI-02205-100,sustraccion,prediction_component,42,77,31488.0,1.3780758120036261e-05,2.147823518468582e-08,1.4142135623730951,1,17.378147196982766,0.08137884587711595,0.5358554176060653,2.8,0,,59,68,91,105,102,107,-7.668001406447358,0.0,0.9864368683469891,True,1,absent,0.5255652568220824
BraTS-GLI-02205-100,sustraccion,prediction_component,43,144,47104.0,1.408561486703968e-05,2.2439025530135152e-08,1.4142135623730951,1,23.874672772626646,0.05923488777590923,0.43493434507576706,2.857142857142857,0,,59,70,121,128,99,119,-7.648996007312237,0.0,0.9742075735146137,True,1,absent,0.5255652568220824
BraTS-GLI-02205-100,sustraccion,prediction_component,44,22,9472.0,2.386492900600362e-05,6.441287249488336e-08,1.4142135623730951,1,7.0710678118654755,0.2,0.8135863258112027,1.6666666666666667,0,,59,64,134,138,89,92,-7.1910273330307,0.0,0.9998866338021117,True,1,absent,0.5255652568220824
BraTS-GLI-02205-100,sustraccion,prediction_component,45,80,25344.0,1.98279240699813e-05,4.446382987026026e-08,1.4142135623730951,1,14.071247279470288,0.10050378152592122,0.529071708312648,1.4285714285714286,0,,59,66,141,148,129,139,-7.35199313228289,0.0,0.996887964451005,True,1,absent,0.5255652568220824
BraTS-GLI-02205-100,sustraccion,prediction_component,46,32,10752.0,2.8702260037591497e-05,9.317181656253895e-08,1.4142135623730951,1,8.246211251235321,0.17149858514250885,0.7180607827429069,1.5,0,,60,66,108,112,90,94,-7.030715437028017,0.0,0.9998554433556613,True,1,absent,0.5255652568220824
BraTS-GLI-02205-100,sustraccion,prediction_component,48,19,8448.0,2.446936747720066e-05,6.771702339772293e-08,1.4142135623730951,1,8.12403840463596,0.17407765595569785,0.8543319874271107,1.25,0,,60,64,138,143,38,43,-7.169302140202132,0.0,0.9998505610117548,True,1,absent,0.5255652568220824
BraTS-GLI-02205-100,sustraccion,prediction_component,50,12,6144.0,2.4917498197257264e-05,7.022006780482366e-08,1.4142135623730951,1,6.4031242374328485,0.2208630521496931,0.9957510787676723,1.3333333333333333,0,,61,65,125,129,90,93,-7.153538755513696,0.0,0.9999618273771178,True,1,absent,0.5255652568220824
BraTS-GLI-02205-100,sustraccion,prediction_component,51,19,8448.0,2.446936747720066e-05,6.771702339772293e-08,1.4142135623730951,1,8.12403840463596,0.17407765595569785,0.8543319874271107,1.25,0,,62,67,128,133,88,92,-7.169302140202132,0.0,0.9998505610117548,True,1,absent,0.5255652568220824
BraTS-GLI-02205-100,sustraccion,prediction_component,54,78,31744.0,1.3791202233186236e-05,2.1510803222007342e-08,1.4142135623730951,1,21.118712081942874,0.06696495301824251,0.5335555806438685,1.5,0,,66,77,129,144,137,147,-7.667343372579872,0.0,0.9822634294018008,True,1,absent,0.5255652568220824
BraTS-GLI-02205-100,sustraccion,prediction_component,55,17,6912.0,2.9583075859084555e-05,9.897808063694699e-08,1.4142135623730951,1,6.557438524302,0.21566554640687685,0.8866010210973454,1.6666666666666667,0,,67,70,64,69,62,65,-7.004460972194542,0.0,0.999965693418326,True,1,absent,0.5255652568220824
BraTS-GLI-02205-100,sustraccion,prediction_component,56,76,31744.0,1.3437581663104537e-05,2.042182764798067e-08,1.4142135623730951,1,19.519221295943137,0.07245235560022184,0.5381954272789695,3.2,0,,67,77,75,91,101,106,-7.6899053933992505,0.0,0.9828518664665211,True,1,absent,0.5255652568220824
BraTS-GLI-02205-100,sustraccion,prediction_component,57,32,13568.0,2.0247724638662888e-05,4.636655457515523e-08,1.4142135623730951,1,10.488088481701515,0.13483997249264842,0.7180607827429069,1.4,0,,67,72,112,118,72,79,-7.333795174636683,0.0,0.9991413543074574,True,1,absent,0.5255652568220824
BraTS-GLI-02205-100,sustraccion,prediction_component,58,14,7680.0,2.080109539136373e-05,4.8935585030206e-08,1.4142135623730951,1,8.12403840463596,0.17407765595569785,0.9458781407605124,1.25,0,,68,72,102,107,60,65,-7.310375215276639,0.0,0.9998121431066477,True,1,absent,0.5255652568220824
BraTS-GLI-02205-100,sustraccion,prediction_component,59,40,18176.0,1.6323471310985e-05,3.01354314754811e-08,1.4142135623730951,1,13.076696830622021,0.10814761408717503,0.6665885822069456,2.2,0,,70,81,138,143,35,40,-7.520922585975429,0.0,0.9967434615455507,True,1,absent,0.5255652568220824
BraTS-GLI-02205-100,sustraccion,prediction_component,60,106,31488.0,1.8970913775634335e-05,4.0703229977252465e-08,1.4142135623730951,1,17.549928774784245,0.08058229640253803,0.48169918609899903,1.5,0,,71,81,93,101,68,80,-7.390371126262781,0.0,0.9940176258180768,True,1,absent,0.5255652568220824
BraTS-GLI-02205-100,sustraccion,prediction_component,62,12,5376.0,3.04433440619409e-05,1.0481829363285631e-07,1.4142135623730951,1,5.830951894845301,0.24253562503633297,0.9957510787676723,1.3333333333333333,0,,73,77,94,97,105,108,-6.979562914580636,0.0,0.9999864375771123,True,1,absent,0.5255652568220824
BraTS-GLI-02205-100,sustraccion,prediction_component,63,24,9984.0,2.4057715415427756e-05,6.545776006567085e-08,1.4142135623730951,1,8.602325267042627,0.1643989873053573,0.7903281549671363,2.3333333333333335,0,,75,78,66,73,148,152,-7.184038860130413,0.0,0.9997698810343467,True,1,absent,0.5255652568220824
BraTS-GLI-02205-100,sustraccion,prediction_component,66,17,7168.0,2.8012503667152895e-05,8.874752009735003e-08,1.4142135623730951,1,6.928203230275509,0.20412414523193154,0.8866010210973454,1.0,0,,76,80,85,89,118,122,-7.051843773744237,0.0,0.9999495028033363,True,1,absent,0.5255652568220824
BraTS-GLI-02205-100,sustraccion,prediction_component,67,31,12544.0,2.2065187682215743e-05,5.5063983335190367e-08,1.4142135623730951,1,9.848857801796104,0.14359163172354764,0.7257003006213092,1.2,0,,77,82,54,60,94,100,-7.259132374891124,0.0,0.9994564711735101,True,1,absent,0.5255652568220824
BraTS-GLI-02205-100,sustraccion,prediction_component,68,22,8192.0,2.9671381351669397e-05,9.956986177012105e-08,1.4142135623730951,1,7.54983443527075,0.1873171623163388,0.8135863258112027,1.25,0,,77,81,64,69,98,102,-7.001872095789433,0.0,0.9999278388809906,True,1,absent,0.5255652568220824
BraTS-GLI-02205-100,sustraccion,prediction_component,69,27,9728.0,2.8140280443889985e-05,8.955899594060322e-08,1.4142135623730951,1,8.246211251235321,0.17149858514250885,0.7599002946021327,1.5,0,,77,81,76,82,98,102,-7.047890784006583,0.0,0.9998648507037252,True,1,absent,0.5255652568220824
BraTS-GLI-02205-100,sustraccion,prediction_component,72,12,6144.0,2.4917498197257264e-05,7.022006780482366e-08,1.4142135623730951,1,6.4031242374328485,0.2208630521496931,0.9957510787676723,1.3333333333333333,0,,78,82,123,127,145,148,-7.153538755513696,0.0,0.9999618273771178,True,1,absent,0.5255652568220824
BraTS-GLI-02205-100,sustraccion,prediction_component,74,19,8448.0,2.446936747720066e-05,6.771702339772293e-08,1.4142135623730951,1,8.12403840463596,0.17407765595569785,0.8543319874271107,1.25,0,,81,86,86,90,114,119,-7.169302140202132,0.0,0.9998505610117548,True,1,absent,0.5255652568220824
BraTS-GLI-02205-100,sustraccion,prediction_component,75,32,11776.0,2.5041093096959432e-05,7.091840167548888e-08,1.4142135623730951,1,9.0,0.15713484026367724,0.7180607827429069,2.0,0,,82,88,120,126,146,149,-7.149241060879038,0.0,0.9997096511146074,True,1,absent,0.5255652568220824
BraTS-GLI-02205-100,sustraccion,prediction_component,76,17,7168.0,2.8012503667152895e-05,8.874752009735003e-08,1.4142135623730951,1,6.928203230275509,0.20412414523193154,0.8866010210973454,1.0,0,,82,86,121,125,87,91,-7.051843773744237,0.0,0.9999495028033363,True,1,absent,0.5255652568220824
BraTS-GLI-02205-100,sustraccion,prediction_component,77,431,132608.0,8.92529712081732e-06,9.009438781173972e-09,1.7320508075688772,1,62.07253821135398,0.027903656874338347,0.3696276124729093,2.6666666666666665,0,,82,130,142,160,34,69,-8.045302261388363,0.0,0.803270806675736,True,1,absent,0.5255652568220824
BraTS-GLI-02205-100,sustraccion,prediction_component,78,14,7680.0,2.080109539136373e-05,4.8935585030206e-08,1.4142135623730951,1,7.54983443527075,0.1873171623163388,0.9458781407605124,1.25,0,,84,88,113,118,147,151,-7.310375215276639,0.0,0.9998530982054296,True,1,absent,0.5255652568220824
BraTS-GLI-02205-100,sustraccion,prediction_component,79,21,9984.0,2.1050500988499285e-05,5.011609755027925e-08,1.4142135623730951,1,9.273618495495704,0.15249857033260467,0.8263006657894747,1.2,0,,85,90,179,184,49,55,-7.300022754085787,0.0,0.999608702425939,True,1,absent,0.5255652568220824
BraTS-GLI-02205-100,sustraccion,prediction_component,80,45,17664.0,1.9168093965337742e-05,4.155375098173176e-08,1.4142135623730951,1,14.071247279470288,0.10050378152592122,0.6409247308398612,1.4285714285714286,0,,85,92,185,192,60,70,-7.3813897671352064,0.0,0.9975502424450436,True,1,absent,0.5255652568220824
BraTS-GLI-02205-100,sustraccion,prediction_component,82,468,146432.0,8.35202646713403e-06,7.889256881036652e-09,1.7320508075688772,1,72.92461861401813,0.023751249447548417,0.3596181032638295,2.1481481481481484,0,,88,146,101,128,113,148,-8.102963902704952,0.0,0.7482218115904589,True,1,absent,0.5255652568220824
BraTS-GLI-02205-100,sustraccion,prediction_component,84,17,6912.0,2.9583075859084555e-05,9.897808063694699e-08,1.4142135623730951,1,6.557438524302,0.21566554640687685,0.8866010210973454,1.6666666666666667,0,,88,91,170,175,89,92,-7.004460972194542,0.0,0.999965693418326,True,1,absent,0.5255652568220824
BraTS-GLI-02205-100,sustraccion,prediction_component,85,125,30976.0,2.292830813298272e-05,5.945609646364731e-08,1.7320508075688772,1,14.45683229480096,0.11980845957463075,0.5584103931497517,1.125,0,,89,98,83,91,63,71,-7.225803607407365,0.0,0.9987426842507485,True,1,absent,0.5255652568220824
BraTS-GLI-02205-100,sustraccion,prediction_component,86,14,7680.0,2.080109539136373e-05,4.8935585030206e-08,1.4142135623730951,1,7.54983443527075,0.1873171623163388,0.9458781407605124,1.25,0,,89,93,182,186,55,60,-7.310375215276639,0.0,0.9998530982054296,True,1,absent,0.5255652568220824
BraTS-GLI-02205-100,sustraccion,prediction_component,88,14,6144.0,2.9070414563466808e-05,9.557731451212109e-08,1.4142135623730951,1,6.928203230275509,0.20412414523193154,0.9458781407605124,1.0,0,,90,94,90,94,106,110,-7.019645176252469,0.0,0.9999626196017813,True,1,absent,0.5255652568220824
BraTS-GLI-02205-100,sustraccion,prediction_component,89,14,6144.0,2.9070414563466808e-05,9.557731451212109e-08,1.4142135623730951,1,6.928203230275509,0.20412414523193154,0.9458781407605124,1.0,0,,90,94,131,135,54,58,-7.019645176252469,0.0,0.9999626196017813,True,1,absent,0.5255652568220824
BraTS-GLI-02205-100,sustraccion,prediction_component,90,39,12544.0,2.775942966472303e-05,8.71512160799423e-08,1.4142135623730951,1,8.660254037844387,0.1632993161855452,0.6722379073420917,1.0,0,,92,97,84,89,107,112,-7.05972654850667,0.0,0.9997844028517309,True,1,absent,0.5255652568220824
BraTS-GLI-02205-100,sustraccion,prediction_component,91,30,12544.0,2.135340743440233e-05,5.156876691120846e-08,1.4142135623730951,1,9.695359714832659,0.14586499149789456,0.73367566779705,2.3333333333333335,0,,92,98,167,174,90,93,-7.287613253120344,0.0,0.999436255622013,True,1,absent,0.5255652568220824
BraTS-GLI-02205-100,sustraccion,prediction_component,93,12,5376.0,3.04433440619409e-05,1.0481829363285631e-07,1.4142135623730951,1,5.830951894845301,0.24253562503633297,0.9957510787676723,1.3333333333333333,0,,94,98,52,55,87,90,-6.979562914580636,0.0,0.9999864375771123,True,1,absent,0.5255652568220824
BraTS-GLI-02205-100,sustraccion,prediction_component,95,14,6144.0,2.9070414563466808e-05,9.557731451212109e-08,1.4142135623730951,1,6.928203230275509,0.20412414523193154,0.9458781407605124,1.0,0,,95,99,149,153,110,114,-7.019645176252469,0.0,0.9999626196017813,True,1,absent,0.5255652568220824
BraTS-GLI-02205-100,sustraccion,prediction_component,99,151,39936.0,1.892039076942495e-05,4.04867184043338e-08,2.0,1,19.209372712298546,0.10411584125907071,0.6054345714156234,2.2857142857142856,1,,101,108,88,96,133,149,-7.392687422951173,0.6931471805599453,0.996683835055513,True,1,absent,0.5255652568220824
BraTS-GLI-02205-100,sustraccion,prediction_component,101,12,5376.0,3.04433440619409e-05,1.0481829363285631e-07,1.4142135623730951,1,5.830951894845301,0.24253562503633297,0.9957510787676723,1.3333333333333333,0,,103,107,54,57,88,91,-6.979562914580636,0.0,0.9999864375771123,True,1,absent,0.5255652568220824
BraTS-GLI-02205-100,sustraccion,prediction_component,102,151,46592.0,1.5014466917044004e-05,2.549600925753965e-08,1.4142135623730951,1,17.320508075688775,0.0816496580927726,0.4281068910127584,1.0,0,,103,113,164,174,118,128,-7.593527791843013,0.0,0.985633071749141,True,1,absent,0.5255652568220824
BraTS-GLI-02205-100,sustraccion,prediction_component,104,205,55552.0,1.5656847168749188e-05,2.772432607532971e-08,2.0,1,21.42428528562855,0.09335200560186732,0.5467744911428386,2.4285714285714284,1,,106,117,54,71,51,58,-7.557139001908207,0.6931471805599453,0.9912176358173441,True,1,absent,0.5255652568220824
BraTS-GLI-02205-100,sustraccion,prediction_component,106,23,8704.0,2.832366913400235e-05,9.073010185732151e-08,1.4142135623730951,1,6.928203230275509,0.20412414523193154,0.8016200827808712,1.0,0,,108,112,86,90,54,58,-7.042248601565707,0.0,0.9999365340971169,True,1,absent,0.5255652568220824
BraTS-GLI-02205-100,sustraccion,prediction_component,107,17,6912.0,2.9583075859084555e-05,9.897808063694699e-08,1.4142135623730951,1,6.557438524302,0.21566554640687685,0.8866010210973454,1.6666666666666667,0,,109,114,102,105,89,92,-7.004460972194542,0.0,0.999965693418326,True,1,absent,0.5255652568220824
BraTS-GLI-02205-100,sustraccion,prediction_component,110,22,8704.0,2.709220525861094e-05,8.301204026265334e-08,1.4142135623730951,1,7.54983443527075,0.1873171623163388,0.8135863258112027,1.25,0,,114,118,64,69,57,61,-7.08085891195648,0.0,0.9999038498810151,True,1,absent,0.5255652568220824
BraTS-GLI-02205-100,sustraccion,prediction_component,111,282,74752.0,1.3797960050111043e-05,2.1531889372871095e-08,2.0,1,22.315913604421397,0.08962214298964417,0.4916354182559475,1.4545454545454546,1,,115,126,52,68,97,108,-7.666917860180661,0.6931471805599453,0.9834880254592278,True,1,absent,0.5255652568220824
BraTS-GLI-02205-100,sustraccion,prediction_component,112,99,33024.0,1.6496457070281603e-05,3.077752805240413e-08,1.4142135623730951,1,17.146428199482248,0.08247860988423225,0.49279482222605836,2.6,0,,116,121,167,177,96,109,-7.511766264176774,0.0,0.9913492717005571,True,1,absent,0.5255652568220824
BraTS-GLI-02205-100,sustraccion,prediction_component,113,64,25088.0,1.6105748478192137e-05,2.933689850948748e-08,1.4142135623730951,1,13.92838827718412,0.10153461651336192,0.5699252209515996,1.2857142857142858,0,,117,124,154,162,109,118,-7.532585801583838,0.0,0.9948259236119216,True,1,absent,0.5255652568220824
BraTS-GLI-02205-100,sustraccion,prediction_component,116,14,7680.0,2.080109539136373e-05,4.8935585030206e-08,1.4142135623730951,1,8.12403840463596,0.17407765595569785,0.9458781407605124,1.25,0,,123,128,115,119,38,43,-7.310375215276639,0.0,0.9998121431066477,True,1,absent,0.5255652568220824
BraTS-GLI-02205-100,sustraccion,prediction_component,117,14,7680.0,2.080109539136373e-05,4.8935585030206e-08,1.4142135623730951,1,8.246211251235321,0.17149858514250885,0.9458781407605124,1.5,0,,123,127,161,165,101,107,-7.310375215276639,0.0,0.999802925077304,True,1,absent,0.5255652568220824
BraTS-GLI-02205-100,sustraccion,prediction_component,120,12,5376.0,3.04433440619409e-05,1.0481829363285631e-07,1.4142135623730951,1,5.830951894845301,0.24253562503633297,0.9957510787676723,1.3333333333333333,0,,126,130,131,134,89,92,-6.979562914580636,0.0,0.9999864375771123,True,1,absent,0.5255652568220824
BraTS-GLI-02205-100,sustraccion,prediction_component,121,12,5376.0,3.04433440619409e-05,1.0481829363285631e-07,1.4142135623730951,1,5.830951894845301,0.24253562503633297,0.9957510787676723,1.3333333333333333,0,,127,131,91,94,89,92,-6.979562914580636,0.0,0.9999864375771123,True,1,absent,0.5255652568220824
BraTS-GLI-02205-100,sustraccion,prediction_component,122,38,16896.0,1.730245567447415e-05,3.3858511698861466e-08,1.4142135623730951,1,11.180339887498949,0.12649110640673517,0.6780837477859392,1.6,0,,127,135,142,147,115,121,-7.470332135866113,0.0,0.9981377134615506,True,1,absent,0.5255652568220824
BraTS-GLI-02205-100,sustraccion,prediction_component,124,49,19200.0,1.8418074993679468e-05,3.836549866368151e-08,1.4142135623730951,1,13.45362404707371,0.10511766624552735,0.6229872725752906,1.5,0,,129,137,110,119,44,50,-7.4160591525922,0.0,0.9973043860901282,True,1,absent,0.5255652568220824
BraTS-GLI-02205-100,sustraccion,prediction_component,127,17,7168.0,2.8012503667152895e-05,8.874752009735003e-08,1.4142135623730951,1,6.928203230275509,0.20412414523193154,0.8866010210973454,1.0,0,,130,134,53,57,97,101,-7.051843773744237,0.0,0.9999495028033363,True,1,absent,0.5255652568220824
BraTS-GLI-02205-100,sustraccion,prediction_component,130,24,10752.0,2.1526695028193625e-05,5.2409146816428155e-08,1.4142135623730951,1,8.774964387392123,0.16116459280507606,0.7903281549671363,1.5,0,,133,137,75,80,127,133,-7.280592910244617,0.0,0.999652960689516,True,1,absent,0.5255652568220824
BraTS-GLI-02205-100,sustraccion,prediction_component,131,46,16896.0,2.0945077921731866e-05,4.961538140913494e-08,1.4142135623730951,1,12.449899597988733,0.11359236684941297,0.6362462813425951,1.8,0,,135,142,71,76,118,127,-7.3043836657365855,0.0,0.998525260045449,True,1,absent,0.5255652568220824
BraTS-GLI-02205-100,sustraccion,prediction_component,132,109,41216.0,1.302649976345078e-05,1.919145249422566e-08,1.4142135623730951,1,25.67099530598687,0.05508993887912397,0.47723875231103313,3.0,0,,136,149,103,110,48,69,-7.71689215468843,0.0,0.9689003863187442,True,1,absent,0.5255652568220824
BraTS-GLI-02205-100,sustraccion,prediction_component,133,60,22528.0,1.774464413914993e-05,3.5611228976901554e-08,1.4142135623730951,1,14.594519519326424,0.09690031662230185,0.5823187634322541,1.4285714285714286,0,,136,143,118,126,114,124,-7.448413038157346,0.0,0.9959986558132616,True,1,absent,0.5255652568220824
BraTS-GLI-02205-100,sustraccion,prediction_component,137,99,34048.0,1.5757879864986173e-05,2.8083287356820182e-08,1.4142135623730951,1,18.788294228055936,0.07527099294949816,0.49279482222605836,2.3333333333333335,0,,142,148,127,138,96,110,-7.551552056180285,0.0,0.9886030219978805,True,1,absent,0.5255652568220824
BraTS-GLI-02205-100,sustraccion,prediction_component,138,12,6144.0,2.4917498197257264e-05,7.022006780482366e-08,1.4142135623730951,1,6.4031242374328485,0.2208630521496931,0.9957510787676723,1.3333333333333333,0,,145,148,76,80,71,75,-7.153538755513696,0.0,0.9999618273771178,True,1,absent,0.5255652568220824
BraTS-GLI-02205-100,sustraccion,prediction_component,139,74,24576.0,1.920723819371914e-05,4.172364271909878e-08,1.4142135623730951,1,16.0312195418814,0.08821621827824618,0.5430009978686747,2.8,0,,146,151,96,110,105,111,-7.379617782130881,0.0,0.9958640248882203,True,1,absent,0.5255652568220824
BraTS-GLI-02205-100,gmm_2d,prediction_component,1,798102,54873344.0,1.9634337799180862e-06,4.359983950115544e-10,9.797958971132712,4,251.57503850740042,0.038946467142623495,0.17027296030244268,1.2074074074074075,67,,20,155,32,195,22,158,-9.360515109444506,4.219507705176107,0.0059233719739700975,False,1,absent,0.5255652568220824
BraTS-GLI-02205-100,gmm_2d,prediction_component,2,62,17920.0,2.5845484716354776e-05,7.554778513588118e-08,2.23606797749979,1,11.0,0.20327890704543544,0.9107181155611794,1.1666666666666667,1,,38,44,38,44,63,70,-7.12177826352039,0.6931471805599453,0.9999235475725639,True,1,absent,0.5255652568220824
BraTS-GLI-02205-100,gmm_2d,prediction_component,3,2148,322816.0,1.1711208128175718e-05,1.551157052885653e-08,3.0,1,47.391982444291145,0.06330184654179583,0.37480556638732815,2.0,3,,73,111,24,43,87,108,-7.809344228138337,1.3862943611198906,0.9240415736365263,True,1,absent,0.5255652568220824
BraTS-GLI-02205-100,gmm_2d,prediction_component,4,330,79360.0,1.4760852862078771e-05,2.464196156083208e-08,2.23606797749979,1,26.720778431774775,0.0836827408755723,0.5216067769495657,1.3076923076923077,1,,75,92,29,42,69,85,-7.608324724221171,0.6931471805599453,0.986380295047495,True,1,absent,0.5255652568220824
BraTS-GLI-02205-100,gmm_2d,prediction_component,5,46,15616.0,2.357236358908017e-05,6.284324984734695e-08,1.7320508075688772,1,10.488088481701515,0.1651445647689541,0.7792393700163133,1.4,0,,76,83,22,27,105,111,-7.20174136414328,0.0,0.9997495063859743,True,1,absent,0.5255652568220824
BraTS-GLI-02205-100,gmm_2d,prediction_component,6,25,9984.0,2.5060120224403912e-05,7.102621534903521e-08,1.7320508075688772,1,8.660254037844387,0.19999999999999996,0.9548683406603533,1.0,0,,76,81,169,174,40,45,-7.14858132620955,0.0,0.9999372968689848,True,1,absent,0.5255652568220824
BraTS-GLI-02205-100,gmm_2d,prediction_component,7,25,9984.0,2.5060120224403912e-05,7.102621534903521e-08,1.7320508075688772,1,8.660254037844387,0.19999999999999996,0.9548683406603533,1.0,0,,78,83,24,29,67,72,-7.14858132620955,0.0,0.9999372968689848,True,1,absent,0.5255652568220824
BraTS-GLI-02205-100,gmm_2d,prediction_component,8,44,13824.0,2.7070862238995545e-05,8.288129935688987e-08,1.7320508075688772,1,10.392304845413264,0.16666666666666666,0.7908715233027805,1.0,0,,79,85,147,153,104,110,-7.081543448970658,0.0,0.9998482248433442,True,1,absent,0.5255652568220824
BraTS-GLI-02205-100,gmm_2d,prediction_component,9,46,15616.0,2.357236358908017e-05,6.284324984734695e-08,1.7320508075688772,1,10.488088481701515,0.1651445647689541,0.7792393700163133,1.4,0,,80,87,31,37,55,60,-7.20174136414328,0.0,0.9997495063859743,True,1,absent,0.5255652568220824
BraTS-GLI-02205-100,gmm_2d,prediction_component,10,204,54016.0,1.6249744488622457e-05,2.9863825996751734e-08,2.23606797749979,1,17.4928556845359,0.12782749814122843,0.6123097141354881,1.375,1,,82,93,25,33,63,74,-7.524854553515408,0.6931471805599453,0.9966222294970508,True,1,absent,0.5255652568220824
BraTS-GLI-02205-100,gmm_2d,prediction_component,11,25,9984.0,2.5060120224403912e-05,7.102621534903521e-08,1.7320508075688772,1,8.660254037844387,0.19999999999999996,0.9548683406603533,1.0,0,,82,87,53,58,94,99,-7.14858132620955,0.0,0.9999372968689848,True,1,absent,0.5255652568220824
BraTS-GLI-02205-100,gmm_2d,prediction_component,12,25,9984.0,2.5060120224403912e-05,7.102621534903521e-08,1.7320508075688772,1,8.660254037844387,0.19999999999999996,0.9548683406603533,1.0,0,,82,87,126,131,64,69,-7.14858132620955,0.0,0.9999372968689848,True,1,absent,0.5255652568220824
BraTS-GLI-02205-100,gmm_2d,prediction_component,13,38,12544.0,2.7047649416909622e-05,8.273922157753891e-08,1.7320508075688772,1,9.273618495495704,0.18677184190940707,0.8304795924748166,1.2,0,,84,89,31,37,114,119,-7.082288569326049,0.0,0.9999073465642991,True,1,absent,0.5255652568220824
BraTS-GLI-02205-100,gmm_2d,prediction_component,14,44,13824.0,2.7070862238995545e-05,8.288129935688987e-08,1.7320508075688772,1,10.392304845413264,0.16666666666666666,0.7908715233027805,1.0,0,,84,90,40,46,47,53,-7.081543448970658,0.0,0.9998482248433442,True,1,absent,0.5255652568220824
BraTS-GLI-02205-100,gmm_2d,prediction_component,15,151,45056.0,1.5788759069006593e-05,2.819345944105321e-08,1.7320508075688772,1,18.027756377319946,0.09607689228305227,0.5243217191752737,1.3333333333333333,0,,85,97,24,33,103,113,-7.549851631330238,0.0,0.9929900393634716,True,1,absent,0.5255652568220824
BraTS-GLI-02205-100,gmm_2d,prediction_component,16,51,15104.0,2.7474652658327337e-05,8.537226323330647e-08,2.23606797749979,1,9.9498743710662,0.22473328748774737,0.9719810843490212,1.4,1,,85,92,28,33,76,81,-7.068683205204687,0.6931471805599453,0.999965002963772,True,1,absent,0.5255652568220824
BraTS-GLI-02205-100,gmm_2d,prediction_component,17,62,16896.0,2.8230322416247298e-05,9.01330463784096e-08,1.7320508075688772,1,11.0,0.15745916432444337,0.7054392189315698,1.1666666666666667,0,,87,93,34,41,118,124,-7.045115950103225,0.0,0.9997944089209853,True,1,absent,0.5255652568220824
BraTS-GLI-02205-100,gmm_2d,prediction_component,18,25,9984.0,2.5060120224403912e-05,7.102621534903521e-08,1.7320508075688772,1,8.660254037844387,0.19999999999999996,0.9548683406603533,1.0,0,,87,92,86,91,60,65,-7.14858132620955,0.0,0.9999372968689848,True,1,absent,0.5255652568220824
BraTS-GLI-02205-100,gmm_2d,prediction_component,19,143,34816.0,2.201241677262139e-05,5.4800917204642246e-08,2.23606797749979,1,15.84297951775486,0.14113935923440918,0.6892908700439305,1.5714285714285714,1,,91,98,27,36,67,78,-7.261212172654656,0.6931471805599453,0.9992008657984057,True,1,absent,0.5255652568220824
BraTS-GLI-02205-100,gmm_2d,prediction_component,20,75,26368.0,1.751642517974486e-05,3.470110706023076e-08,1.7320508075688772,1,14.352700094407323,0.12067769800636945,0.6620687295173385,1.8333333333333333,0,,92,103,81,88,104,110,-7.459656669806244,0.0,0.9979031713051633,True,1,absent,0.5255652568220824
BraTS-GLI-02205-100,gmm_2d,prediction_component,21,25,9984.0,2.5060120224403912e-05,7.102621534903521e-08,1.7320508075688772,1,8.660254037844387,0.19999999999999996,0.9548683406603533,1.0,0,,94,99,42,47,48,53,-7.14858132620955,0.0,0.9999372968689848,True,1,absent,0.5255652568220824
BraTS-GLI-02205-100,gmm_2d,prediction_component,22,113,34816.0,1.7394427239903618e-05,3.4219419618860424e-08,1.7320508075688772,1,15.297058540778355,0.11322770341445956,0.5775159935737552,1.5714285714285714,0,,94,105,85,92,69,77,-7.465727360617941,0.0,0.9968039186987482,True,1,absent,0.5255652568220824
BraTS-GLI-02205-100,gmm_2d,prediction_component,23,25,9984.0,2.5060120224403912e-05,7.102621534903521e-08,1.7320508075688772,1,8.660254037844387,0.19999999999999996,0.9548683406603533,1.0,0,,95,100,24,29,98,103,-7.14858132620955,0.0,0.9999372968689848,True,1,absent,0.5255652568220824
BraTS-GLI-02205-100,gmm_2d,prediction_component,24,25,9984.0,2.5060120224403912e-05,7.102621534903521e-08,1.7320508075688772,1,8.660254037844387,0.19999999999999996,0.9548683406603533,1.0,0,,95,100,89,94,104,109,-7.14858132620955,0.0,0.9999372968689848,True,1,absent,0.5255652568220824
BraTS-GLI-02205-100,gmm_2d,prediction_component,25,38,13824.0,2.3379381024587062e-05,6.181848980958109e-08,1.7320508075688772,1,9.848857801796104,0.17586311452816475,0.8304795924748166,1.2,0,,96,102,51,56,83,89,-7.2088816087094125,0.0,0.9998202678928552,True,1,absent,0.5255652568220824
BraTS-GLI-02205-100,gmm_2d,prediction_component,26,25,9984.0,2.5060120224403912e-05,7.102621534903521e-08,1.7320508075688772,1,8.660254037844387,0.19999999999999996,0.9548683406603533,1.0,0,,98,103,41,46,117,122,-7.14858132620955,0.0,0.9999372968689848,True,1,absent,0.5255652568220824
BraTS-GLI-02205-100,gmm_2d,prediction_component,27,25,9984.0,2.5060120224403912e-05,7.102621534903521e-08,1.7320508075688772,1,8.660254037844387,0.19999999999999996,0.9548683406603533,1.0,0,,98,103,54,59,89,94,-7.14858132620955,0.0,0.9999372968689848,True,1,absent,0.5255652568220824
BraTS-GLI-02205-100,gmm_2d,prediction_component,28,25,9984.0,2.5060120224403912e-05,7.102621534903521e-08,1.7320508075688772,1,8.660254037844387,0.19999999999999996,0.9548683406603533,1.0,0,,99,104,31,36,63,68,-7.14858132620955,0.0,0.9999372968689848,True,1,absent,0.5255652568220824
BraTS-GLI-02205-100,gmm_2d,prediction_component,29,164,36608.0,2.341422804461506e-05,6.200290834169386e-08,2.23606797749979,1,15.7797338380595,0.14170505031628394,0.6585163908231257,1.4285714285714286,1,,99,109,130,140,103,110,-7.2075879387739175,0.6931471805599453,0.9992840246012854,True,1,absent,0.5255652568220824
BraTS-GLI-02205-100,gmm_2d,prediction_component,30,61,20224.0,2.1209442357003888e-05,5.0875755753536514e-08,1.7320508075688772,1,11.661903789690601,0.14852213144650114,0.7092732030227112,1.3333333333333333,0,,100,108,35,41,76,82,-7.293489126323918,0.0,0.9994087624815339,True,1,absent,0.5255652568220824
BraTS-GLI-02205-100,gmm_2d,prediction_component,31,99,28160.0,2.0950105720728346e-05,4.963920429548262e-08,1.7320508075688772,1,14.45683229480096,0.11980845957463075,0.6035479311696947,1.125,0,,101,109,41,49,125,134,-7.304175188753703,0.0,0.9985469847146092,True,1,absent,0.5255652568220824
BraTS-GLI-02205-100,gmm_2d,prediction_component,32,25,9984.0,2.5060120224403912e-05,7.102621534903521e-08,1.7320508075688772,1,8.660254037844387,0.19999999999999996,0.9548683406603533,1.0,0,,102,107,36,41,89,94,-7.14858132620955,0.0,0.9999372968689848,True,1,absent,0.5255652568220824
BraTS-GLI-02205-100,gmm_2d,prediction_component,33,188,59904.0,1.2822541554674493e-05,1.8595189298491115e-08,2.23606797749979,1,20.273134932713294,0.1102970993347264,0.6292094773998216,1.1818181818181819,1,,103,114,32,45,106,117,-7.730599396177197,0.6931471805599453,0.990679867869814,True,1,absent,0.5255652568220824
BraTS-GLI-02205-100,gmm_2d,prediction_component,34,25,9984.0,2.5060120224403912e-05,7.102621534903521e-08,1.7320508075688772,1,8.660254037844387,0.19999999999999996,0.9548683406603533,1.0,0,,109,114,42,47,89,94,-7.14858132620955,0.0,0.9999372968689848,True,1,absent,0.5255652568220824
BraTS-GLI-02205-100,gmm_2d,prediction_component,35,25,9984.0,2.5060120224403912e-05,7.102621534903521e-08,1.7320508075688772,1,8.660254037844387,0.19999999999999996,0.9548683406603533,1.0,0,,110,115,41,46,107,112,-7.14858132620955,0.0,0.9999372968689848,True,1,absent,0.5255652568220824
BraTS-GLI-02205-100,gmm_2d,prediction_component,36,46,16896.0,2.0945077921731866e-05,4.961538140913494e-08,1.7320508075688772,1,11.0,0.15745916432444337,0.7792393700163133,1.1666666666666667,0,,114,121,42,48,100,106,-7.3043836657365855,0.0,0.9995805115715526,True,1,absent,0.5255652568220824
BraTS-GLI-02205-100,gmm_2d,prediction_component,37,82,25088.0,2.0635490237683674e-05,4.815949843207857e-08,1.7320508075688772,1,13.92838827718412,0.12435400084345173,0.6426663285123421,1.2857142857142858,0,,132,140,147,156,96,103,-7.317318044784178,0.0,0.9987590340862896,True,1,absent,0.5255652568220824
BraTS-GLI-02205-100,gmm_2d,prediction_component,38,263,56064.0,1.981205971290231e-05,4.439270715668213e-08,2.23606797749979,1,18.547236990991408,0.12056070554260304,0.5625951135689928,1.2,2,,133,143,137,147,101,113,-7.352688370014967,1.0986122886681098,0.9972547883852204,True,1,absent,0.5255652568220824
BraTS-GLI-02205-100,gmm_2d,prediction_component,39,25,9984.0,2.5060120224403912e-05,7.102621534903521e-08,1.7320508075688772,1,8.660254037844387,0.19999999999999996,0.9548683406603533,1.0,0,,134,139,135,140,114,119,-7.14858132620955,0.0,0.9999372968689848,True,1,absent,0.5255652568220824
BraTS-GLI-02205-100,variational_spline,prediction_component,1,13371,2544896.0,3.2935088148760513e-06,1.2267894534275088e-09,3.4641016151377544,2,224.04910176119876,0.015461350158993022,0.23526944601335897,1.5980392156862746,23,,52,154,26,189,31,146,-8.911229966254863,3.1780538303479458,0.03245490727113634,False,1,absent,0.5255652568220824
