prior_stage,method,construction_type,mode,threshold,absent_flood_rate,absent_median_fp_vox,large_lesionwise,large_detection_ratio,keeps_large_detection_90pct,source
P1_spatial,atlas_map,atlas/map,map_atlas_x_enhancement,0.0,1.0,7221032.0,0.0035061000748742,0.019894117636195568,False,phase2/p1_spatial_atlas/p1_spatial_sweep_summary.csv
P1_spatial,atlas_map,atlas/map,map_atlas_x_enhancement,0.0001,1.0,45344.0,0.0080926285248578,0.04591874174194228,False,phase2/p1_spatial_atlas/p1_spatial_sweep_summary.csv
P1_spatial,atlas_map,atlas/map,map_atlas_x_enhancement,0.0002,1.0,37278.0,0.0085105520958998,0.04829010037623534,False,phase2/p1_spatial_atlas/p1_spatial_sweep_summary.csv
P1_spatial,atlas_map,atlas/map,map_atlas_x_enhancement,0.0005,1.0,28985.0,0.0088705926447052,0.05033302239180047,False,phase2/p1_spatial_atlas/p1_spatial_sweep_summary.csv
P1_spatial,atlas_map,atlas/map,map_atlas_x_enhancement,0.001,1.0,22221.0,0.0085799602623891,0.04868393232614062,False,phase2/p1_spatial_atlas/p1_spatial_sweep_summary.csv
P1_spatial,atlas_map,atlas/map,map_atlas_x_enhancement,0.002,0.8181818181818182,14611.0,0.0089804214328657,0.05095620678039331,False,phase2/p1_spatial_atlas/p1_spatial_sweep_summary.csv
P1_spatial,atlas_map,atlas/map,map_atlas_x_enhancement,0.005,0.2424242424242424,7031.0,0.0080625143935937,0.04574786981670172,False,phase2/p1_spatial_atlas/p1_spatial_sweep_summary.csv
P1_spatial,atlas_map,atlas/map,map_atlas_x_enhancement,0.01,0.0,2681.0,0.0068536748756955,0.038888739997593055,False,phase2/p1_spatial_atlas/p1_spatial_sweep_summary.csv
P1_spatial,atlas_map,atlas/map,map_atlas_x_enhancement,0.02,0.0,284.0,0.0095617104568244,0.05425452456263134,False,phase2/p1_spatial_atlas/p1_spatial_sweep_summary.csv
P1_spatial,atlas_map,atlas/map,map_atlas_x_enhancement,0.05,0.0,0.0,0.0001248112581807,0.0007081970849498679,False,phase2/p1_spatial_atlas/p1_spatial_sweep_summary.csv
P1_spatial,gmm_2d,intensity/statistical,post_filter,0.0,1.0,94636.0,0.0042083640030742,0.02387886447767552,False,phase2/p1_spatial_atlas/p1_spatial_sweep_summary.csv
P1_spatial,gmm_2d,intensity/statistical,post_filter,0.001,1.0,83406.0,0.0111259938986383,0.06313049448454386,False,phase2/p1_spatial_atlas/p1_spatial_sweep_summary.csv
P1_spatial,gmm_2d,intensity/statistical,post_filter,0.002,0.9393939393939394,78025.0,0.0096457659447504,0.0547314675274803,False,phase2/p1_spatial_atlas/p1_spatial_sweep_summary.csv
P1_spatial,gmm_2d,intensity/statistical,post_filter,0.005,0.4848484848484848,9952.0,0.0089714875226919,0.05090551448520685,False,phase2/p1_spatial_atlas/p1_spatial_sweep_summary.csv
P1_spatial,gmm_2d,intensity/statistical,post_filter,0.01,0.0,1704.0,0.0092308486525914,0.052377166953273484,False,phase2/p1_spatial_atlas/p1_spatial_sweep_summary.csv
P1_spatial,gmm_2d,intensity/statistical,post_filter,0.02,0.0,420.0,0.0142153670886353,0.08066004365638667,False,phase2/p1_spatial_atlas/p1_spatial_sweep_summary.csv
P1_spatial,gmm_2d,intensity/statistical,post_filter,0.05,0.0,0.0,0.0,0.0,False,phase2/p1_spatial_atlas/p1_spatial_sweep_summary.csv
P1_spatial,gmm_2d,intensity/statistical,post_filter,0.1,0.0,0.0,0.0,0.0,False,phase2/p1_spatial_atlas/p1_spatial_sweep_summary.csv
P1_spatial,gmm_2d,intensity/statistical,post_filter,0.2,0.0,0.0,0.0,0.0,False,phase2/p1_spatial_atlas/p1_spatial_sweep_summary.csv
P1_spatial,gmm_T1c,intensity/statistical,post_filter,0.0,0.9696969696969696,18837.0,0.1706676623760037,0.968392937878292,True,phase2/p1_spatial_atlas/p1_spatial_sweep_summary.csv
P1_spatial,gmm_T1c,intensity/statistical,post_filter,0.001,0.8181818181818182,18512.0,0.1563565407088711,0.8871895689293726,False,phase2/p1_spatial_atlas/p1_spatial_sweep_summary.csv
P1_spatial,gmm_T1c,intensity/statistical,post_filter,0.002,0.7272727272727273,16573.0,0.1363643377502311,0.7737509251450386,False,phase2/p1_spatial_atlas/p1_spatial_sweep_summary.csv
P1_spatial,gmm_T1c,intensity/statistical,post_filter,0.005,0.4545454545454545,0.0,0.1206589406904052,0.6846362364713141,False,phase2/p1_spatial_atlas/p1_spatial_sweep_summary.csv
P1_spatial,gmm_T1c,intensity/statistical,post_filter,0.01,0.0303030303030303,0.0,0.0406366192242678,0.23057803996478238,False,phase2/p1_spatial_atlas/p1_spatial_sweep_summary.csv
P1_spatial,gmm_T1c,intensity/statistical,post_filter,0.02,0.0,0.0,0.0116352368803585,0.06602001262931961,False,phase2/p1_spatial_atlas/p1_spatial_sweep_summary.csv
P1_spatial,gmm_T1c,intensity/statistical,post_filter,0.05,0.0,0.0,0.0,0.0,False,phase2/p1_spatial_atlas/p1_spatial_sweep_summary.csv
P1_spatial,gmm_T1c,intensity/statistical,post_filter,0.1,0.0,0.0,0.0,0.0,False,phase2/p1_spatial_atlas/p1_spatial_sweep_summary.csv
P1_spatial,gmm_T1c,intensity/statistical,post_filter,0.2,0.0,0.0,0.0,0.0,False,phase2/p1_spatial_atlas/p1_spatial_sweep_summary.csv
P1_spatial,otsu_T1c,intensity/statistical,post_filter,0.0,0.9393939393939394,13935.0,0.1650376673385514,0.9364475338184002,True,phase2/p1_spatial_atlas/p1_spatial_sweep_summary.csv
P1_spatial,otsu_T1c,intensity/statistical,post_filter,0.001,0.8181818181818182,13841.0,0.151934120873407,0.8620961207777181,False,phase2/p1_spatial_atlas/p1_spatial_sweep_summary.csv
P1_spatial,otsu_T1c,intensity/statistical,post_filter,0.002,0.696969696969697,13528.0,0.1362278622118002,0.7729765432511889,False,phase2/p1_spatial_atlas/p1_spatial_sweep_summary.csv
P1_spatial,otsu_T1c,intensity/statistical,post_filter,0.005,0.4242424242424242,0.0,0.1161397496128783,0.6589936943313864,False,phase2/p1_spatial_atlas/p1_spatial_sweep_summary.csv
P1_spatial,otsu_T1c,intensity/statistical,post_filter,0.01,0.0303030303030303,0.0,0.0418560636394164,0.23749734350081692,False,phase2/p1_spatial_atlas/p1_spatial_sweep_summary.csv
P1_spatial,otsu_T1c,intensity/statistical,post_filter,0.02,0.0,0.0,0.0259943876196356,0.14749590546255337,False,phase2/p1_spatial_atlas/p1_spatial_sweep_summary.csv
P1_spatial,otsu_T1c,intensity/statistical,post_filter,0.05,0.0,0.0,0.0,0.0,False,phase2/p1_spatial_atlas/p1_spatial_sweep_summary.csv
P1_spatial,otsu_T1c,intensity/statistical,post_filter,0.1,0.0,0.0,0.0,0.0,False,phase2/p1_spatial_atlas/p1_spatial_sweep_summary.csv
P1_spatial,otsu_T1c,intensity/statistical,post_filter,0.2,0.0,0.0,0.0,0.0,False,phase2/p1_spatial_atlas/p1_spatial_sweep_summary.csv
P1_spatial,sustraccion,intensity/statistical,post_filter,0.0,0.9393939393939394,76915.0,0.0086725241888095,0.04920915339848599,False,phase2/p1_spatial_atlas/p1_spatial_sweep_summary.csv
P1_spatial,sustraccion,intensity/statistical,post_filter,0.001,0.8484848484848485,70986.0,0.0223100503687472,0.12659044437607223,False,phase2/p1_spatial_atlas/p1_spatial_sweep_summary.csv
P1_spatial,sustraccion,intensity/statistical,post_filter,0.002,0.7878787878787878,67492.0,0.0245459263973958,0.1392771275237234,False,phase2/p1_spatial_atlas/p1_spatial_sweep_summary.csv
P1_spatial,sustraccion,intensity/statistical,post_filter,0.005,0.3333333333333333,2915.0,0.0230950275628642,0.13104451822108495,False,phase2/p1_spatial_atlas/p1_spatial_sweep_summary.csv
P1_spatial,sustraccion,intensity/statistical,post_filter,0.01,0.0303030303030303,1410.0,0.0243021930308553,0.1378941492395121,False,phase2/p1_spatial_atlas/p1_spatial_sweep_summary.csv
P1_spatial,sustraccion,intensity/statistical,post_filter,0.02,0.0,310.0,0.044669117032968,0.2534590142840511,False,phase2/p1_spatial_atlas/p1_spatial_sweep_summary.csv
P1_spatial,sustraccion,intensity/statistical,post_filter,0.05,0.0,0.0,0.0,0.0,False,phase2/p1_spatial_atlas/p1_spatial_sweep_summary.csv
P1_spatial,sustraccion,intensity/statistical,post_filter,0.1,0.0,0.0,0.0,0.0,False,phase2/p1_spatial_atlas/p1_spatial_sweep_summary.csv
P1_spatial,sustraccion,intensity/statistical,post_filter,0.2,0.0,0.0,0.0,0.0,False,phase2/p1_spatial_atlas/p1_spatial_sweep_summary.csv
P1_spatial,variational_spline,deformable/region-based,post_filter,0.0,0.9696969696969696,18837.0,0.1762380286972449,1.0,True,phase2/p1_spatial_atlas/p1_spatial_sweep_summary.csv
P1_spatial,variational_spline,deformable/region-based,post_filter,0.001,0.8181818181818182,18518.0,0.1625716320653309,0.9224548939128729,True,phase2/p1_spatial_atlas/p1_spatial_sweep_summary.csv
P1_spatial,variational_spline,deformable/region-based,post_filter,0.002,0.7272727272727273,16574.0,0.142557144858395,0.8088898060888465,False,phase2/p1_spatial_atlas/p1_spatial_sweep_summary.csv
P1_spatial,variational_spline,deformable/region-based,post_filter,0.005,0.303030303030303,0.0,0.123365906669813,0.6999959519618796,False,phase2/p1_spatial_atlas/p1_spatial_sweep_summary.csv
P1_spatial,variational_spline,deformable/region-based,post_filter,0.01,0.0303030303030303,0.0,0.0437948090188643,0.24849806447902548,False,phase2/p1_spatial_atlas/p1_spatial_sweep_summary.csv
P1_spatial,variational_spline,deformable/region-based,post_filter,0.02,0.0,0.0,0.0329088612514383,0.18672962637349766,False,phase2/p1_spatial_atlas/p1_spatial_sweep_summary.csv
P1_spatial,variational_spline,deformable/region-based,post_filter,0.05,0.0,0.0,0.0,0.0,False,phase2/p1_spatial_atlas/p1_spatial_sweep_summary.csv
P1_spatial,variational_spline,deformable/region-based,post_filter,0.1,0.0,0.0,0.0,0.0,False,phase2/p1_spatial_atlas/p1_spatial_sweep_summary.csv
P1_spatial,variational_spline,deformable/region-based,post_filter,0.2,0.0,0.0,0.0,0.0,False,phase2/p1_spatial_atlas/p1_spatial_sweep_summary.csv
P1_spatial,gmm_2d,intensity/statistical,pre_filter,0.0,1.0,94636.0,0.0042083640030742,0.02387886447767552,False,phase2/p1_spatial_atlas/p1_spatial_sweep_summary.csv
P1_spatial,gmm_2d,intensity/statistical,pre_filter,0.001,1.0,34069.0,0.0073187272072947,0.04152751401836982,False,phase2/p1_spatial_atlas/p1_spatial_sweep_summary.csv
P1_spatial,gmm_2d,intensity/statistical,pre_filter,0.002,1.0,29766.0,0.0078464235078118,0.04452173895618739,False,phase2/p1_spatial_atlas/p1_spatial_sweep_summary.csv
P1_spatial,gmm_2d,intensity/statistical,pre_filter,0.005,0.9696969696969696,22955.0,0.0084488609461593,0.047940055892666596,False,phase2/p1_spatial_atlas/p1_spatial_sweep_summary.csv
P1_spatial,gmm_2d,intensity/statistical,pre_filter,0.01,0.7575757575757576,15866.0,0.0093533621060059,0.05307232596248462,False,phase2/p1_spatial_atlas/p1_spatial_sweep_summary.csv
P1_spatial,gmm_2d,intensity/statistical,pre_filter,0.02,0.0909090909090909,5013.0,0.0118596939137205,0.06729361421815484,False,phase2/p1_spatial_atlas/p1_spatial_sweep_summary.csv
P1_spatial,gmm_2d,intensity/statistical,pre_filter,0.05,0.0,129.0,0.0071877855590334,0.0407845322156952,False,phase2/p1_spatial_atlas/p1_spatial_sweep_summary.csv
P1_spatial,gmm_2d,intensity/statistical,pre_filter,0.1,0.0,0.0,0.0,0.0,False,phase2/p1_spatial_atlas/p1_spatial_sweep_summary.csv
P1_spatial,gmm_2d,intensity/statistical,pre_filter,0.2,0.0,0.0,0.0,0.0,False,phase2/p1_spatial_atlas/p1_spatial_sweep_summary.csv
P1_spatial,gmm_T1c,intensity/statistical,pre_filter,0.0,0.9696969696969696,18837.0,0.1706676623760037,0.968392937878292,True,phase2/p1_spatial_atlas/p1_spatial_sweep_summary.csv
P1_spatial,gmm_T1c,intensity/statistical,pre_filter,0.001,0.303030303030303,7272.0,0.0473174068337196,0.2684857926719383,False,phase2/p1_spatial_atlas/p1_spatial_sweep_summary.csv
P1_spatial,gmm_T1c,intensity/statistical,pre_filter,0.002,0.2727272727272727,6801.0,0.0406740695813342,0.23079053869359387,False,phase2/p1_spatial_atlas/p1_spatial_sweep_summary.csv
P1_spatial,gmm_T1c,intensity/statistical,pre_filter,0.005,0.2424242424242424,4975.0,0.0455544711063232,0.2584826410228416,False,phase2/p1_spatial_atlas/p1_spatial_sweep_summary.csv
P1_spatial,gmm_T1c,intensity/statistical,pre_filter,0.01,0.2424242424242424,2834.0,0.0380953402936403,0.2161584566920195,False,phase2/p1_spatial_atlas/p1_spatial_sweep_summary.csv
P1_spatial,gmm_T1c,intensity/statistical,pre_filter,0.02,0.2424242424242424,776.0,0.0325298343189334,0.1845789728777302,False,phase2/p1_spatial_atlas/p1_spatial_sweep_summary.csv
P1_spatial,gmm_T1c,intensity/statistical,pre_filter,0.05,0.0909090909090909,0.0,0.0012045841910602,0.00683498448073047,False,phase2/p1_spatial_atlas/p1_spatial_sweep_summary.csv
P1_spatial,gmm_T1c,intensity/statistical,pre_filter,0.1,0.0,0.0,0.0,0.0,False,phase2/p1_spatial_atlas/p1_spatial_sweep_summary.csv
P1_spatial,gmm_T1c,intensity/statistical,pre_filter,0.2,0.0,0.0,0.0,0.0,False,phase2/p1_spatial_atlas/p1_spatial_sweep_summary.csv
P1_spatial,otsu_T1c,intensity/statistical,pre_filter,0.0,0.9393939393939394,13935.0,0.1650376673385514,0.9364475338184002,True,phase2/p1_spatial_atlas/p1_spatial_sweep_summary.csv
P1_spatial,otsu_T1c,intensity/statistical,pre_filter,0.001,0.2121212121212121,5770.0,0.0553057442337055,0.3138127715256843,False,phase2/p1_spatial_atlas/p1_spatial_sweep_summary.csv
P1_spatial,otsu_T1c,intensity/statistical,pre_filter,0.002,0.2121212121212121,5067.0,0.0559420192833332,0.3174230879501873,False,phase2/p1_spatial_atlas/p1_spatial_sweep_summary.csv
P1_spatial,otsu_T1c,intensity/statistical,pre_filter,0.005,0.2121212121212121,3920.0,0.0550015787320102,0.3120868925882966,False,phase2/p1_spatial_atlas/p1_spatial_sweep_summary.csv
P1_spatial,otsu_T1c,intensity/statistical,pre_filter,0.01,0.2121212121212121,2362.0,0.0451955000650795,0.25644578754747516,False,phase2/p1_spatial_atlas/p1_spatial_sweep_summary.csv
P1_spatial,otsu_T1c,intensity/statistical,pre_filter,0.02,0.2121212121212121,736.0,0.0422490356928285,0.23972712362441997,False,phase2/p1_spatial_atlas/p1_spatial_sweep_summary.csv
P1_spatial,otsu_T1c,intensity/statistical,pre_filter,0.05,0.0606060606060606,0.0,0.00100147003575,0.005682485461014781,False,phase2/p1_spatial_atlas/p1_spatial_sweep_summary.csv
P1_spatial,otsu_T1c,intensity/statistical,pre_filter,0.1,0.0,0.0,0.0,0.0,False,phase2/p1_spatial_atlas/p1_spatial_sweep_summary.csv
P1_spatial,otsu_T1c,intensity/statistical,pre_filter,0.2,0.0,0.0,0.0,0.0,False,phase2/p1_spatial_atlas/p1_spatial_sweep_summary.csv
P1_spatial,sustraccion,intensity/statistical,pre_filter,0.0,0.9393939393939394,76915.0,0.0086725241888095,0.04920915339848599,False,phase2/p1_spatial_atlas/p1_spatial_sweep_summary.csv
P1_spatial,sustraccion,intensity/statistical,pre_filter,0.001,0.8484848484848485,28418.0,0.0160972354437142,0.09133803619289942,False,phase2/p1_spatial_atlas/p1_spatial_sweep_summary.csv
P1_spatial,sustraccion,intensity/statistical,pre_filter,0.002,0.7878787878787878,24185.0,0.0164157110557425,0.09314511276078025,False,phase2/p1_spatial_atlas/p1_spatial_sweep_summary.csv
P1_spatial,sustraccion,intensity/statistical,pre_filter,0.005,0.7878787878787878,17901.0,0.017250303461504,0.0978807104744566,False,phase2/p1_spatial_atlas/p1_spatial_sweep_summary.csv
P1_spatial,sustraccion,intensity/statistical,pre_filter,0.01,0.6666666666666666,12368.0,0.0187935427189479,0.10663727265829148,False,phase2/p1_spatial_atlas/p1_spatial_sweep_summary.csv
P1_spatial,sustraccion,intensity/statistical,pre_filter,0.02,0.0303030303030303,3854.0,0.0299121522711014,0.16972586729556974,False,phase2/p1_spatial_atlas/p1_spatial_sweep_summary.csv
P1_spatial,sustraccion,intensity/statistical,pre_filter,0.05,0.0,74.0,0.0060025249772212,0.034059192681579496,False,phase2/p1_spatial_atlas/p1_spatial_sweep_summary.csv
P1_spatial,sustraccion,intensity/statistical,pre_filter,0.1,0.0,0.0,0.0,0.0,False,phase2/p1_spatial_atlas/p1_spatial_sweep_summary.csv
P1_spatial,sustraccion,intensity/statistical,pre_filter,0.2,0.0,0.0,0.0,0.0,False,phase2/p1_spatial_atlas/p1_spatial_sweep_summary.csv
P1_spatial,variational_spline,deformable/region-based,pre_filter,0.0,0.9696969696969696,18837.0,0.1762380286972449,1.0,True,phase2/p1_spatial_atlas/p1_spatial_sweep_summary.csv
P1_spatial,variational_spline,deformable/region-based,pre_filter,0.001,0.2727272727272727,7272.0,0.0847328796243185,0.48078658306987243,False,phase2/p1_spatial_atlas/p1_spatial_sweep_summary.csv
P1_spatial,variational_spline,deformable/region-based,pre_filter,0.002,0.2424242424242424,6801.0,0.0768045787014724,0.43580025984864573,False,phase2/p1_spatial_atlas/p1_spatial_sweep_summary.csv
P1_spatial,variational_spline,deformable/region-based,pre_filter,0.005,0.2121212121212121,4975.0,0.0792925997281118,0.44991765009087037,False,phase2/p1_spatial_atlas/p1_spatial_sweep_summary.csv
P1_spatial,variational_spline,deformable/region-based,pre_filter,0.01,0.2121212121212121,2834.0,0.0639214121209293,0.36269931406653655,False,phase2/p1_spatial_atlas/p1_spatial_sweep_summary.csv
P1_spatial,variational_spline,deformable/region-based,pre_filter,0.02,0.1818181818181818,776.0,0.0546686476651195,0.3101977936840945,False,phase2/p1_spatial_atlas/p1_spatial_sweep_summary.csv
P1_spatial,variational_spline,deformable/region-based,pre_filter,0.05,0.0,0.0,0.0026627832558006,0.015109016342749339,False,phase2/p1_spatial_atlas/p1_spatial_sweep_summary.csv
P1_spatial,variational_spline,deformable/region-based,pre_filter,0.1,0.0,0.0,0.0,0.0,False,phase2/p1_spatial_atlas/p1_spatial_sweep_summary.csv
P1_spatial,variational_spline,deformable/region-based,pre_filter,0.2,0.0,0.0,0.0,0.0,False,phase2/p1_spatial_atlas/p1_spatial_sweep_summary.csv
P2b_soft_shape,gmm_2d,intensity/statistical,shape_score_threshold,0.0,1.0,94636.0,0.0042083640030742,0.0238788644776759,False,phase2/p2_soft_shape_sweep/p2_soft_shape_sweep_summary.csv
P2b_soft_shape,gmm_2d,intensity/statistical,shape_score_threshold,0.001,0.9696969696969696,80673.0,0.0041550392334637,0.0235762920419494,False,phase2/p2_soft_shape_sweep/p2_soft_shape_sweep_summary.csv
P2b_soft_shape,gmm_2d,intensity/statistical,shape_score_threshold,0.005,0.9696969696969696,28427.0,0.0034439480630894,0.0195414581549012,False,phase2/p2_soft_shape_sweep/p2_soft_shape_sweep_summary.csv
P2b_soft_shape,gmm_2d,intensity/statistical,shape_score_threshold,0.01,0.9393939393939394,21418.0,0.0034439480630894,0.0195414581549012,False,phase2/p2_soft_shape_sweep/p2_soft_shape_sweep_summary.csv
P2b_soft_shape,gmm_2d,intensity/statistical,shape_score_threshold,0.02,0.9393939393939394,21418.0,0.0032616652243792,0.0185071590308265,False,phase2/p2_soft_shape_sweep/p2_soft_shape_sweep_summary.csv
P2b_soft_shape,gmm_2d,intensity/statistical,shape_score_threshold,0.05,0.9393939393939394,20540.0,0.0031437924042299,0.017838331644248,False,phase2/p2_soft_shape_sweep/p2_soft_shape_sweep_summary.csv
P2b_soft_shape,gmm_2d,intensity/statistical,shape_score_threshold,0.1,0.9393939393939394,20383.0,0.00270497490395,0.0153484178411732,False,phase2/p2_soft_shape_sweep/p2_soft_shape_sweep_summary.csv
P2b_soft_shape,gmm_2d,intensity/statistical,shape_score_threshold,0.2,0.9090909090909092,18984.0,0.00270497490395,0.0153484178411732,False,phase2/p2_soft_shape_sweep/p2_soft_shape_sweep_summary.csv
P2b_soft_shape,gmm_2d,intensity/statistical,shape_score_threshold,0.3,0.9090909090909092,17967.0,0.0027170418609463,0.0154168874960235,False,phase2/p2_soft_shape_sweep/p2_soft_shape_sweep_summary.csv
P2b_soft_shape,gmm_2d,intensity/statistical,shape_score_threshold,0.4,0.8787878787878788,17449.0,0.0027170418609463,0.0154168874960235,False,phase2/p2_soft_shape_sweep/p2_soft_shape_sweep_summary.csv
P2b_soft_shape,gmm_2d,intensity/statistical,shape_score_threshold,0.5,0.8787878787878788,17449.0,0.0027218586790642,0.0154442188169275,False,phase2/p2_soft_shape_sweep/p2_soft_shape_sweep_summary.csv
P2b_soft_shape,gmm_2d,intensity/statistical,shape_score_threshold,0.55,0.8787878787878788,17449.0,0.0027219860258703,0.0154449414010774,False,phase2/p2_soft_shape_sweep/p2_soft_shape_sweep_summary.csv
P2b_soft_shape,gmm_T1c,intensity/statistical,shape_score_threshold,0.0,0.9696969696969696,18837.0,0.1706676623760037,0.9683929378782924,True,phase2/p2_soft_shape_sweep/p2_soft_shape_sweep_summary.csv
P2b_soft_shape,gmm_T1c,intensity/statistical,shape_score_threshold,0.001,0.9696969696969696,18837.0,0.1706676623760037,0.9683929378782924,True,phase2/p2_soft_shape_sweep/p2_soft_shape_sweep_summary.csv
P2b_soft_shape,gmm_T1c,intensity/statistical,shape_score_threshold,0.005,0.9696969696969696,18837.0,0.1706676623760037,0.9683929378782924,True,phase2/p2_soft_shape_sweep/p2_soft_shape_sweep_summary.csv
P2b_soft_shape,gmm_T1c,intensity/statistical,shape_score_threshold,0.01,0.9696969696969696,18837.0,0.1706676623760037,0.9683929378782924,True,phase2/p2_soft_shape_sweep/p2_soft_shape_sweep_summary.csv
P2b_soft_shape,gmm_T1c,intensity/statistical,shape_score_threshold,0.02,0.9090909090909092,18512.0,0.128672032707768,0.7301036765953086,False,phase2/p2_soft_shape_sweep/p2_soft_shape_sweep_summary.csv
P2b_soft_shape,gmm_T1c,intensity/statistical,shape_score_threshold,0.05,0.6363636363636364,13041.0,0.0811035060049856,0.4601929935582258,False,phase2/p2_soft_shape_sweep/p2_soft_shape_sweep_summary.csv
P2b_soft_shape,gmm_T1c,intensity/statistical,shape_score_threshold,0.1,0.2424242424242424,0.0,0.0799751172170919,0.4537903527874753,False,phase2/p2_soft_shape_sweep/p2_soft_shape_sweep_summary.csv
P2b_soft_shape,gmm_T1c,intensity/statistical,shape_score_threshold,0.2,0.1818181818181818,0.0,0.0649863139671437,0.3687417207711863,False,phase2/p2_soft_shape_sweep/p2_soft_shape_sweep_summary.csv
P2b_soft_shape,gmm_T1c,intensity/statistical,shape_score_threshold,0.3,0.1212121212121212,0.0,0.0143111216671326,0.0812033689489196,False,phase2/p2_soft_shape_sweep/p2_soft_shape_sweep_summary.csv
P2b_soft_shape,gmm_T1c,intensity/statistical,shape_score_threshold,0.4,0.0606060606060606,0.0,0.0143111216671326,0.0812033689489196,False,phase2/p2_soft_shape_sweep/p2_soft_shape_sweep_summary.csv
P2b_soft_shape,gmm_T1c,intensity/statistical,shape_score_threshold,0.5,0.0303030303030303,0.0,0.0143111216671326,0.0812033689489196,False,phase2/p2_soft_shape_sweep/p2_soft_shape_sweep_summary.csv
P2b_soft_shape,gmm_T1c,intensity/statistical,shape_score_threshold,0.55,0.0303030303030303,0.0,0.0143111216671326,0.0812033689489196,False,phase2/p2_soft_shape_sweep/p2_soft_shape_sweep_summary.csv
P2b_soft_shape,otsu_T1c,intensity/statistical,shape_score_threshold,0.0,0.9393939393939394,13935.0,0.1650376673385514,0.9364475338184004,True,phase2/p2_soft_shape_sweep/p2_soft_shape_sweep_summary.csv
P2b_soft_shape,otsu_T1c,intensity/statistical,shape_score_threshold,0.001,0.9090909090909092,13855.0,0.1650376673385514,0.9364475338184004,True,phase2/p2_soft_shape_sweep/p2_soft_shape_sweep_summary.csv
P2b_soft_shape,otsu_T1c,intensity/statistical,shape_score_threshold,0.005,0.8181818181818182,13813.0,0.1650376673385514,0.9364475338184004,True,phase2/p2_soft_shape_sweep/p2_soft_shape_sweep_summary.csv
P2b_soft_shape,otsu_T1c,intensity/statistical,shape_score_threshold,0.01,0.7878787878787878,13772.0,0.1650376673385514,0.9364475338184004,True,phase2/p2_soft_shape_sweep/p2_soft_shape_sweep_summary.csv
P2b_soft_shape,otsu_T1c,intensity/statistical,shape_score_threshold,0.02,0.7272727272727273,13510.0,0.1362656874946825,0.7731911693631691,False,phase2/p2_soft_shape_sweep/p2_soft_shape_sweep_summary.csv
P2b_soft_shape,otsu_T1c,intensity/statistical,shape_score_threshold,0.05,0.6666666666666666,12156.0,0.113026504021357,0.641328689709317,False,phase2/p2_soft_shape_sweep/p2_soft_shape_sweep_summary.csv
P2b_soft_shape,otsu_T1c,intensity/statistical,shape_score_threshold,0.1,0.1212121212121212,0.0,0.0794274405959774,0.4506827566281052,False,phase2/p2_soft_shape_sweep/p2_soft_shape_sweep_summary.csv
P2b_soft_shape,otsu_T1c,intensity/statistical,shape_score_threshold,0.2,0.0,0.0,0.0772629117264467,0.4384009075542647,False,phase2/p2_soft_shape_sweep/p2_soft_shape_sweep_summary.csv
P2b_soft_shape,otsu_T1c,intensity/statistical,shape_score_threshold,0.3,0.0,0.0,0.0772629117264467,0.4384009075542647,False,phase2/p2_soft_shape_sweep/p2_soft_shape_sweep_summary.csv
P2b_soft_shape,otsu_T1c,intensity/statistical,shape_score_threshold,0.4,0.0,0.0,0.0611444168231066,0.346942242120429,False,phase2/p2_soft_shape_sweep/p2_soft_shape_sweep_summary.csv
P2b_soft_shape,otsu_T1c,intensity/statistical,shape_score_threshold,0.5,0.0,0.0,0.0131035464651444,0.074351413040682,False,phase2/p2_soft_shape_sweep/p2_soft_shape_sweep_summary.csv
P2b_soft_shape,otsu_T1c,intensity/statistical,shape_score_threshold,0.55,0.0,0.0,0.0131035464651444,0.074351413040682,False,phase2/p2_soft_shape_sweep/p2_soft_shape_sweep_summary.csv
P2b_soft_shape,sustraccion,intensity/statistical,shape_score_threshold,0.0,0.9393939393939394,76152.0,0.0086725241888095,0.0492091533984861,False,phase2/p2_soft_shape_sweep/p2_soft_shape_sweep_summary.csv
P2b_soft_shape,sustraccion,intensity/statistical,shape_score_threshold,0.001,0.8484848484848485,53622.0,0.0085377570186906,0.0484444650328982,False,phase2/p2_soft_shape_sweep/p2_soft_shape_sweep_summary.csv
P2b_soft_shape,sustraccion,intensity/statistical,shape_score_threshold,0.005,0.7272727272727273,12463.0,0.0074843104939645,0.0424670574749885,False,phase2/p2_soft_shape_sweep/p2_soft_shape_sweep_summary.csv
P2b_soft_shape,sustraccion,intensity/statistical,shape_score_threshold,0.01,0.7272727272727273,12463.0,0.006716142965321,0.038108364096937,False,phase2/p2_soft_shape_sweep/p2_soft_shape_sweep_summary.csv
P2b_soft_shape,sustraccion,intensity/statistical,shape_score_threshold,0.02,0.7272727272727273,12463.0,0.006716142965321,0.038108364096937,False,phase2/p2_soft_shape_sweep/p2_soft_shape_sweep_summary.csv
P2b_soft_shape,sustraccion,intensity/statistical,shape_score_threshold,0.05,0.696969696969697,12262.0,0.0067087852978468,0.0380666156302265,False,phase2/p2_soft_shape_sweep/p2_soft_shape_sweep_summary.csv
P2b_soft_shape,sustraccion,intensity/statistical,shape_score_threshold,0.1,0.696969696969697,12262.0,0.0056499892785081,0.0320588542681335,False,phase2/p2_soft_shape_sweep/p2_soft_shape_sweep_summary.csv
P2b_soft_shape,sustraccion,intensity/statistical,shape_score_threshold,0.2,0.6060606060606061,11426.0,0.0056609735982633,0.0321211808830898,False,phase2/p2_soft_shape_sweep/p2_soft_shape_sweep_summary.csv
P2b_soft_shape,sustraccion,intensity/statistical,shape_score_threshold,0.3,0.5454545454545454,10580.0,0.0056748380330806,0.0321998496864108,False,phase2/p2_soft_shape_sweep/p2_soft_shape_sweep_summary.csv
P2b_soft_shape,sustraccion,intensity/statistical,shape_score_threshold,0.4,0.5151515151515151,10206.0,0.005676607272054,0.0322098886035868,False,phase2/p2_soft_shape_sweep/p2_soft_shape_sweep_summary.csv
P2b_soft_shape,sustraccion,intensity/statistical,shape_score_threshold,0.5,0.4545454545454545,9711.0,0.005676607272054,0.0322098886035868,False,phase2/p2_soft_shape_sweep/p2_soft_shape_sweep_summary.csv
P2b_soft_shape,sustraccion,intensity/statistical,shape_score_threshold,0.55,0.4242424242424242,9679.0,0.0056781072033332,0.0322183994300543,False,phase2/p2_soft_shape_sweep/p2_soft_shape_sweep_summary.csv
P2b_soft_shape,variational_spline,deformable/region-based,shape_score_threshold,0.0,0.9696969696969696,18837.0,0.1762380286972449,1.0000000000000002,True,phase2/p2_soft_shape_sweep/p2_soft_shape_sweep_summary.csv
P2b_soft_shape,variational_spline,deformable/region-based,shape_score_threshold,0.001,0.7878787878787878,15792.0,0.1762380286972449,1.0000000000000002,True,phase2/p2_soft_shape_sweep/p2_soft_shape_sweep_summary.csv
P2b_soft_shape,variational_spline,deformable/region-based,shape_score_threshold,0.005,0.7575757575757576,15371.0,0.1762380286972449,1.0000000000000002,True,phase2/p2_soft_shape_sweep/p2_soft_shape_sweep_summary.csv
P2b_soft_shape,variational_spline,deformable/region-based,shape_score_threshold,0.01,0.7575757575757576,15371.0,0.1762380286972449,1.0000000000000002,True,phase2/p2_soft_shape_sweep/p2_soft_shape_sweep_summary.csv
P2b_soft_shape,variational_spline,deformable/region-based,shape_score_threshold,0.02,0.7272727272727273,14118.0,0.1632205671168562,0.9261370450145524,True,phase2/p2_soft_shape_sweep/p2_soft_shape_sweep_summary.csv
P2b_soft_shape,variational_spline,deformable/region-based,shape_score_threshold,0.05,0.4545454545454545,0.0,0.1363855566391173,0.7738713241817454,False,phase2/p2_soft_shape_sweep/p2_soft_shape_sweep_summary.csv
P2b_soft_shape,variational_spline,deformable/region-based,shape_score_threshold,0.1,0.0606060606060606,0.0,0.1152426806442877,0.6539035955869685,False,phase2/p2_soft_shape_sweep/p2_soft_shape_sweep_summary.csv
P2b_soft_shape,variational_spline,deformable/region-based,shape_score_threshold,0.2,0.0,0.0,0.1113593920188791,0.6318692556995222,False,phase2/p2_soft_shape_sweep/p2_soft_shape_sweep_summary.csv
P2b_soft_shape,variational_spline,deformable/region-based,shape_score_threshold,0.3,0.0,0.0,0.1113593920188791,0.6318692556995222,False,phase2/p2_soft_shape_sweep/p2_soft_shape_sweep_summary.csv
P2b_soft_shape,variational_spline,deformable/region-based,shape_score_threshold,0.4,0.0,0.0,0.1113593920188791,0.6318692556995222,False,phase2/p2_soft_shape_sweep/p2_soft_shape_sweep_summary.csv
P2b_soft_shape,variational_spline,deformable/region-based,shape_score_threshold,0.5,0.0,0.0,0.1113593920188791,0.6318692556995222,False,phase2/p2_soft_shape_sweep/p2_soft_shape_sweep_summary.csv
P2b_soft_shape,variational_spline,deformable/region-based,shape_score_threshold,0.55,0.0,0.0,0.1113593920188791,0.6318692556995222,False,phase2/p2_soft_shape_sweep/p2_soft_shape_sweep_summary.csv
